,Estimaciones de Índice de Pobreza Multidimensional por comuna. Aplicación de Metodologías de Estimación para Áreas Pequeñas (SAE) 2024,Unnamed: 1,Unnamed: 2,Unnamed: 3,Unnamed: 4,Unnamed: 5,Unnamed: 6,Unnamed: 7,Unnamed: 8,Unnamed: 9
2,1101,Tarapacá,Iquique,232455,43108.78122453825,0.1854500063433278,0.1635064976990802,0.2073935149875753,Sí,Directa y Sintética (Fay-Herriot)
3,1107,Tarapacá,Alto Hospicio,144554,40866.51769794492,0.2827076227426769,0.2553568113275493,0.3100584341578045,Sí,Directa y Sintética (Fay-Herriot)
4,1401,Tarapacá,Pozo Almonte,18811,3646.420182651439,0.193845100348277,0.1420985652779498,0.2455916354186042,Sí,Directa y Sintética (Fay-Herriot)
5,1402,Tarapacá,Camiña,1376,427.722221554841,0.3108446377578787,0.222186110333346,0.3995031651824114,Sí,Sintética
6,1403,Tarapacá,Colchane,1553,504.6461209844747,0.324949208618464,0.2421009351298039,0.4077974821071242,Sí,Sintética
7,1404,Tarapacá,Huara,3111,1075.430413352002,0.3456864073776927,0.2680932248901372,0.4232795898652483,Sí,Sintética
8,1405,Tarapacá,Pica,6313,1128.061297726043,0.1786886262832318,0.1266992752617911,0.2306779773046725,Sí,Directa y Sintética (Fay-Herriot)
9,2101,Antofagasta,Antofagasta,445152,68467.92009297099,0.153807957940144,0.1305673351097595,0.1770485807705285,Sí,Directa y Sintética (Fay-Herriot)
10,2102,Antofagasta,Mejillones,15950,4577.980169507631,0.2870207002826101,0.2185976336494061,0.3554437669158141,Sí,Directa y Sintética (Fay-Herriot)
11,2103,Antofagasta,Sierra Gorda,1807,298.9231130299946,0.1654250763862726,0.09506245259941862,0.2357877001731266,Sí,Sintética
12,2104,Antofagasta,Taltal,13974,2314.258323257085,0.1656117305894579,0.1127324028458315,0.2184910583330842,Sí,Directa y Sintética (Fay-Herriot)
13,2201,Antofagasta,Calama,196282,40069.61300080869,0.2041430849533258,0.1755563977068943,0.2327297721997573,Sí,Directa y Sintética (Fay-Herriot)
14,2202,Antofagasta,Ollagüe,266,19.34138481307087,0.07271197298146943,0.02319541410344116,0.1222285318594977,No,Sintética
15,2203,Antofagasta,San Pedro De Atacama,11067,1855.703542116364,0.167679004438092,0.1050365081985927,0.2303215006775913,Sí,Directa y Sintética (Fay-Herriot)
16,2301,Antofagasta,Tocopilla,28350,6181.301210404884,0.2180353160636643,0.1686029224526665,0.2674677096746622,Sí,Directa y Sintética (Fay-Herriot)
17,2302,Antofagasta,María Elena,6484,956.9535353444039,0.1475869116817403,0.08736007690226782,0.2078137464612127,Sí,Sintética
18,3101,Atacama,Copiapó,176447,31932.98241982819,0.1809777577393109,0.1625272528242306,0.1994282626543912,Sí,Directa y Sintética (Fay-Herriot)
19,3102,Atacama,Caldera,19985,4231.639191860108,0.2117407651668806,0.1699420491438602,0.2535394811899009,Sí,Directa y Sintética (Fay-Herriot)
20,3103,Atacama,Tierra Amarilla,14434,4267.116464690015,0.2956295181301105,0.2482720404767731,0.3429869957834479,Sí,Directa y Sintética (Fay-Herriot)
21,3201,Atacama,Chañaral,13000,2730.075415242769,0.2100058011725207,0.167687773587574,0.2523238287574675,Sí,Directa y Sintética (Fay-Herriot)
22,3202,Atacama,Diego De Almagro,13862,1839.441186847759,0.1326966661987995,0.1027085698343622,0.1626847625632368,Sí,Directa y Sintética (Fay-Herriot)
23,3301,Atacama,Vallenar,57316,13845.46947383034,0.2415637775460664,0.2120401338828943,0.2710874212092385,Sí,Directa y Sintética (Fay-Herriot)
24,3302,Atacama,Alto Del Carmen,5784,1325.726149012321,0.2292057657351869,0.1741828528640521,0.2842286786063217,Sí,Directa y Sintética (Fay-Herriot)
25,3303,Atacama,Freirina,7853,2055.426386039884,0.2617377290258352,0.2078564500640113,0.3156190079876591,Sí,Directa y Sintética (Fay-Herriot)
26,3304,Atacama,Huasco,11611,2578.568020955372,0.2220797537641351,0.182267586384273,0.2618919211439971,Sí,Directa y Sintética (Fay-Herriot)
27,4101,Coquimbo,La Serena,269121,35511.32765320923,0.1319530161273525,0.1038159777675093,0.1600900544871957,Sí,Directa y Sintética (Fay-Herriot)
28,4102,Coquimbo,Coquimbo,277430,51804.35190484154,0.1867294521314982,0.1552159600024717,0.2182429442605247,Sí,Directa y Sintética (Fay-Herriot)
29,4103,Coquimbo,Andacollo,11841,2796.002015918599,0.2361288755948484,0.1864492511321642,0.2858085000575326,Sí,Directa y Sintética (Fay-Herriot)
30,4104,Coquimbo,La Higuera,4537,1619.078898474797,0.3568611193464397,0.296830634948769,0.4168916037441104,Sí,Directa y Sintética (Fay-Herriot)
31,4105,Coquimbo,Paiguano,4715,927.5374518356567,0.1967205624253779,0.1376566967366962,0.2557844281140595,Sí,Sintética
32,4106,Coquimbo,Vicuña,30614,4707.226441328609,0.1537605814767299,0.1087703457482638,0.198750817205196,Sí,Directa y Sintética (Fay-Herriot)
33,4201,Coquimbo,Illapel,33028,4981.50042103473,0.1508265841417806,0.1069606954273867,0.1946924728561745,Sí,Directa y Sintética (Fay-Herriot)
34,4202,Coquimbo,Canela,9498,2378.453462869993,0.250416241616129,0.193734532730075,0.3070979505021831,Sí,Sintética
35,4203,Coquimbo,Los Vilos,24500,5291.334907005476,0.2159728533471623,0.16494520629483,0.2670005003994945,Sí,Directa y Sintética (Fay-Herriot)
36,4204,Coquimbo,Salamanca,29980,4377.999173253894,0.1460306595481619,0.1027576235526396,0.1893036955436842,Sí,Directa y Sintética (Fay-Herriot)
37,4301,Coquimbo,Ovalle,124616,22300.72071904658,0.1789555171009066,0.1432873386621431,0.2146236955396701,Sí,Directa y Sintética (Fay-Herriot)
38,4302,Coquimbo,Combarbalá,13839,2531.68820172311,0.1829386662131013,0.1364125887597806,0.2294647436664221,Sí,Directa y Sintética (Fay-Herriot)
39,4303,Coquimbo,Monte Patria,32670,7129.167401877201,0.218217551327738,0.1718154510299155,0.2646196516255606,Sí,Directa y Sintética (Fay-Herriot)
40,4304,Coquimbo,Punitaqui,12544,3214.084440296723,0.2562248437736546,0.205597689751324,0.3068519977959852,Sí,Directa y Sintética (Fay-Herriot)
41,4305,Coquimbo,Río Hurtado,4306,945.9795648489082,0.2196887052598486,0.1630935283259318,0.2762838821937655,Sí,Sintética
42,5101,Valparaíso,Valparaíso,321054,68627.71169460435,0.2137575351641915,0.1843863150597017,0.2431287552686814,Sí,Directa y Sintética (Fay-Herriot)
43,5102,Valparaíso,Casablanca,30672,5264.189539864796,0.1716285061249607,0.1278398595351485,0.215417152714773,Sí,Directa y Sintética (Fay-Herriot)
44,5103,Valparaíso,Concón,48392,4582.855323442486,0.09470274680613502,0.0660080752423321,0.123397418369938,Sí,Directa y Sintética (Fay-Herriot)
45,5104,Valparaíso,Juan Fernández,1111,2.814507667148238,0.00253331023145656,0,0.04582715267665449,No,Sintética
46,5105,Valparaíso,Puchuncaví,21325,5411.93468973491,0.2537835727894447,0.198308330910996,0.3092588146678935,Sí,Directa y Sintética (Fay-Herriot)
47,5107,Valparaíso,Quintero,38842,8429.47346838146,0.2170195527619963,0.1690882179735298,0.2649508875504628,Sí,Directa y Sintética (Fay-Herriot)
48,5109,Valparaíso,Viña Del Mar,372180,49276.09767457773,0.1323985643360141,0.1109114463970788,0.1538856822749494,Sí,Directa y Sintética (Fay-Herriot)
49,5201,Valparaíso,Isla De Pascua,8928,710.3546922131086,0.07956481767619944,0.01864848011389173,0.1404811552385072,No,Sintética
50,5301,Valparaíso,Los Andes,68956,8704.284096580952,0.1262295390768164,0.09491050092510309,0.1575485772285297,Sí,Directa y Sintética (Fay-Herriot)
51,5302,Valparaíso,Calle Larga,17785,2283.165885404931,0.128375928333142,0.08919578862999963,0.1675560680362845,Sí,Directa y Sintética (Fay-Herriot)
52,5303,Valparaíso,Rinconada,12100,2016.479076663246,0.1666511633605988,0.1227858523972845,0.2105164743239132,Sí,Directa y Sintética (Fay-Herriot)
53,5304,Valparaíso,San Esteban,21857,2742.705971005103,0.1254840998767032,0.08573548081353972,0.1652327189398667,Sí,Directa y Sintética (Fay-Herriot)
54,5401,Valparaíso,La Ligua,38443,9558.35007776453,0.2486369450293819,0.2048136605330246,0.2924602295257392,Sí,Directa y Sintética (Fay-Herriot)
55,5402,Valparaíso,Cabildo,20763,3449.974931961281,0.1661597520570862,0.123436416421094,0.2088830876930784,Sí,Directa y Sintética (Fay-Herriot)
56,5403,Valparaíso,Papudo,6459,1492.314100819573,0.2310441400866347,0.1715278532908764,0.2905604268823929,Sí,Sintética
57,5404,Valparaíso,Petorca,10635,2315.179937989371,0.2176943994348257,0.1681911159345911,0.2671976829350604,Sí,Directa y Sintética (Fay-Herriot)
58,5405,Valparaíso,Zapallar,8400,1708.061742479476,0.2033406836285091,0.136336165382877,0.2703452018741411,Sí,Sintética
59,5501,Valparaíso,Quillota,101254,15234.183004108,0.1504551228011536,0.1131943168365768,0.1877159287657303,Sí,Directa y Sintética (Fay-Herriot)
60,5502,Valparaíso,Calera,53921,9557.743337030748,0.1772545638439708,0.1365801830638249,0.2179289446241167,Sí,Directa y Sintética (Fay-Herriot)
61,5503,Valparaíso,Hijuelas,19503,4153.047628533469,0.2129440408415869,0.1653285128946388,0.2605595687885349,Sí,Directa y Sintética (Fay-Herriot)
62,5504,Valparaíso,La Cruz,28149,2732.620028887757,0.09707698422280568,0.05733646737677334,0.136817501068838,Sí,Directa y Sintética (Fay-Herriot)
63,5506,Valparaíso,Nogales,23651,4781.111260982979,0.2021526050054111,0.1566999324230143,0.247605277587808,Sí,Directa y Sintética (Fay-Herriot)
64,5601,Valparaíso,San Antonio,98746,17001.08974482186,0.1721699080957392,0.1342586547840031,0.2100811614074753,Sí,Directa y Sintética (Fay-Herriot)
65,5602,Valparaíso,Algarrobo,16151,2303.51935791268,0.1426239463756226,0.09728968150835787,0.1879582112428873,Sí,Directa y Sintética (Fay-Herriot)
66,5603,Valparaíso,Cartagena,27229,6623.675931014639,0.2432581413571794,0.1973450641989375,0.2891712185154214,Sí,Directa y Sintética (Fay-Herriot)
67,5604,Valparaíso,El Quisco,18931,2751.354641964031,0.1453359379834151,0.09859752815774259,0.1920743478090876,Sí,Directa y Sintética (Fay-Herriot)
68,5605,Valparaíso,El Tabo,15272,2220.230097494769,0.145379131580328,0.09958472376306826,0.1911735393975877,Sí,Directa y Sintética (Fay-Herriot)
69,5606,Valparaíso,Santo Domingo,12673,1445.12681213962,0.1140319428816871,0.07557949299103767,0.1524843927723365,Sí,Directa y Sintética (Fay-Herriot)
70,5701,Valparaíso,San Felipe,87137,14062.90504361417,0.1613884462813061,0.1234163139397025,0.1993605786229097,Sí,Directa y Sintética (Fay-Herriot)
71,5702,Valparaíso,Catemu,15765,3405.309331878641,0.2160043978356258,0.1669996505155987,0.2650091451556529,Sí,Directa y Sintética (Fay-Herriot)
72,5703,Valparaíso,Llaillay,27350,6029.559570309703,0.2204592164647058,0.1693788910233959,0.2715395419060157,Sí,Directa y Sintética (Fay-Herriot)
73,5704,Valparaíso,Panquehue,7868,1559.800124261576,0.1982460757831184,0.1430953982543278,0.253396753311909,Sí,Sintética
74,5705,Valparaíso,Putaendo,18029,3228.531857323957,0.1790743722515923,0.1317352512530689,0.2264134932501156,Sí,Sintética
75,5706,Valparaíso,Santa María,17024,2881.673379952532,0.1692712276757831,0.1273340616420844,0.2112083937094819,Sí,Directa y Sintética (Fay-Herriot)
76,5801,Valparaíso,Quilpué,174172,16755.91007344071,0.09620323630342828,0.06866034170095109,0.1237461309059055,Sí,Directa y Sintética (Fay-Herriot)
77,5802,Valparaíso,Limache,51821,8982.129484751658,0.173329914219171,0.1344222606249794,0.2122375678133626,Sí,Directa y Sintética (Fay-Herriot)
78,5803,Valparaíso,Olmué,20353,4450.78835284138,0.218679720573939,0.1677767159181079,0.2695827252297701,Sí,Directa y Sintética (Fay-Herriot)
79,5804,Valparaíso,Villa Alemana,148166,17134.5514651148,0.1156442872529109,0.08679260765009707,0.1444959668557248,Sí,Directa y Sintética (Fay-Herriot)
80,6101, O'Higgins,Rancagua,275236,52299.10640732765,0.1900155009058686,0.1638570954100294,0.2161739064017078,Sí,Directa y Sintética (Fay-Herriot)
81,6102, O'Higgins,Codegua,14671,2412.682804564685,0.1644525120690263,0.1207489222646924,0.2081561018733602,Sí,Directa y Sintética (Fay-Herriot)
82,6103, O'Higgins,Coinco,8043,1862.096504960098,0.2315176557205145,0.1805693244068218,0.2824659870342072,Sí,Directa y Sintética (Fay-Herriot)
83,6104, O'Higgins,Coltauco,22229,4416.653572377616,0.1986888106697385,0.1550801959963181,0.2422974253431588,Sí,Directa y Sintética (Fay-Herriot)
84,6105, O'Higgins,Doñihue,23736,5032.063203228345,0.21200131459506,0.1655606766608527,0.2584419525292673,Sí,Directa y Sintética (Fay-Herriot)
85,6106, O'Higgins,Graneros,38341,6259.45821740782,0.1632575628545896,0.1259531297524026,0.2005619959567766,Sí,Directa y Sintética (Fay-Herriot)
86,6107, O'Higgins,Las Cabras,27805,6202.597259728414,0.2230748879600221,0.1784983610776781,0.2676514148423661,Sí,Directa y Sintética (Fay-Herriot)
87,6108, O'Higgins,Machalí,65188,6526.262692369535,0.1001144795417797,0.06971814576926896,0.1305108133142904,Sí,Directa y Sintética (Fay-Herriot)
88,6109, O'Higgins,Malloa,14315,3174.694149900417,0.2217739538875597,0.1744020191289553,0.2691458886461641,Sí,Directa y Sintética (Fay-Herriot)
89,6110, O'Higgins,Mostazal,28659,5133.044383226348,0.1791075886536986,0.1345982520621971,0.2236169252452001,Sí,Directa y Sintética (Fay-Herriot)
90,6111, O'Higgins,Olivar,15053,2464.848071448722,0.1637446403672838,0.1246859990965722,0.2028032816379953,Sí,Directa y Sintética (Fay-Herriot)
91,6112, O'Higgins,Peumo,15036,2557.678087574224,0.1701036238078096,0.1261996589077509,0.2140075887078682,Sí,Directa y Sintética (Fay-Herriot)
92,6113, O'Higgins,Pichidegua,21106,4023.238144869952,0.1906205886889961,0.1414790740039234,0.2397621033740688,Sí,Directa y Sintética (Fay-Herriot)
93,6114, O'Higgins,Quinta De Tilcoco,14328,3095.283469306653,0.2160303928885157,0.1678271588977861,0.2642336268792453,Sí,Directa y Sintética (Fay-Herriot)
94,6115, O'Higgins,Rengo,65973,11225.87265254219,0.170158589916211,0.1351502153215648,0.2051669645108572,Sí,Directa y Sintética (Fay-Herriot)
95,6116, O'Higgins,Requínoa,31848,4520.908215465678,0.1419526568533559,0.1005097650720841,0.1833955486346276,Sí,Directa y Sintética (Fay-Herriot)
96,6117, O'Higgins,San Vicente,52436,8611.075259755326,0.1642206739597857,0.1283005525900452,0.2001407953295263,Sí,Directa y Sintética (Fay-Herriot)
97,6201, O'Higgins,Pichilemu,18894,2828.212455593376,0.1496883907903766,0.1124735355042008,0.1869032460765524,Sí,Directa y Sintética (Fay-Herriot)
98,6202, O'Higgins,La Estrella,3095,581.1009200882925,0.1877547399315969,0.1388532825149882,0.2366561973482057,Sí,Directa y Sintética (Fay-Herriot)
99,6203, O'Higgins,Litueche,6965,1316.283687657635,0.1889854540786268,0.1360735601909254,0.2418973479663282,Sí,Sintética
100,6204, O'Higgins,Marchihue,7717,1191.780857850407,0.1544357726902174,0.113331628862199,0.1955399165182357,Sí,Directa y Sintética (Fay-Herriot)
101,6205, O'Higgins,Navidad,7161,2226.506294255509,0.3109211414963705,0.2489474968123966,0.3728947861803444,Sí,Directa y Sintética (Fay-Herriot)
102,6206, O'Higgins,Paredones,6247,1549.609336783142,0.2480565610345994,0.1898874639913512,0.3062256580778476,Sí,Sintética
103,6301, O'Higgins,San Fernando,81345,12548.15401278542,0.1542584548870295,0.1239525258407666,0.1845643839332924,Sí,Directa y Sintética (Fay-Herriot)
104,6302, O'Higgins,Chépica,16177,3750.22737704814,0.2318246508653113,0.1826880476666583,0.2809612540639642,Sí,Directa y Sintética (Fay-Herriot)
105,6303, O'Higgins,Chimbarongo,38497,7770.455032982366,0.2018457290953156,0.1598374069646147,0.2438540512260166,Sí,Directa y Sintética (Fay-Herriot)
106,6304, O'Higgins,Lolol,7468,1883.063232415523,0.2521509416732087,0.1979016681992954,0.3064002151471221,Sí,Directa y Sintética (Fay-Herriot)
107,6305, O'Higgins,Nancagua,19779,3669.726238073602,0.1855364901195006,0.1421984892696874,0.2288744909693138,Sí,Directa y Sintética (Fay-Herriot)
108,6306, O'Higgins,Palmilla,13626,2756.291032802953,0.2022817431970463,0.1553614996347072,0.2492019867593854,Sí,Directa y Sintética (Fay-Herriot)
109,6307, O'Higgins,Peralillo,12208,2554.45389780291,0.2092442576837246,0.1632510945496285,0.2552374208178207,Sí,Directa y Sintética (Fay-Herriot)
110,6308, O'Higgins,Placilla,9288,1999.256846507632,0.2152515984612007,0.1683756715898436,0.2621275253325579,Sí,Directa y Sintética (Fay-Herriot)
111,6309, O'Higgins,Pumanque,3518,568.1038182439752,0.1614848829573551,0.1117562390370022,0.211213526877708,Sí,Sintética
112,6310, O'Higgins,Santa Cruz,42722,7095.230500685913,0.1660790810515873,0.130599894302335,0.2015582678008396,Sí,Directa y Sintética (Fay-Herriot)
113,7101,Maule,Talca,242818,30008.33928441464,0.1235836687742039,0.09993816727105745,0.1472291702773503,Sí,Directa y Sintética (Fay-Herriot)
114,7102,Maule,Constitución,50625,8668.5271221857,0.1712301653765076,0.1250467780552674,0.2174135526977479,Sí,Directa y Sintética (Fay-Herriot)
115,7103,Maule,Curepto,9112,2241.359949727333,0.2459789233677934,0.1869051016879649,0.3050527450476219,Sí,Directa y Sintética (Fay-Herriot)
116,7104,Maule,Empedrado,4168,919.2810384567433,0.2205568710308885,0.1644914632726313,0.2766222787891457,Sí,Sintética
117,7105,Maule,Maule,69826,8880.046274523691,0.1271739219563442,0.09347257763389123,0.1608752662787972,Sí,Directa y Sintética (Fay-Herriot)
118,7106,Maule,Pelarco,9444,1418.662568002733,0.1502183998308697,0.1075409524318656,0.1928958472298738,Sí,Directa y Sintética (Fay-Herriot)
119,7107,Maule,Pencahue,8631,1388.65765721909,0.1608918615709756,0.1179704783233755,0.2038132448185756,Sí,Directa y Sintética (Fay-Herriot)
120,7108,Maule,Río Claro,15172,2498.032863370001,0.1646475654738993,0.1191484290210813,0.2101467019267174,Sí,Directa y Sintética (Fay-Herriot)
121,7109,Maule,San Clemente,48176,6987.870726894545,0.1450487945635699,0.1061578795156229,0.183939709611517,Sí,Directa y Sintética (Fay-Herriot)
122,7110,Maule,San Rafael,10444,1744.024972689441,0.1669882202881502,0.1281187164664112,0.2058577241098892,Sí,Directa y Sintética (Fay-Herriot)
123,7201,Maule,Cauquenes,44443,6778.755253683483,0.1525269503337642,0.1119384696082902,0.1931154310592383,Sí,Directa y Sintética (Fay-Herriot)
124,7202,Maule,Chanco,9244,2303.540267267306,0.2491930189601153,0.199776161897774,0.2986098760224567,Sí,Directa y Sintética (Fay-Herriot)
125,7203,Maule,Pelluhue,8474,1369.411054706184,0.161601493356878,0.1230949516790687,0.2001080350346873,Sí,Directa y Sintética (Fay-Herriot)
126,7301,Maule,Curicó,172304,20215.30284030893,0.1173234680582513,0.09384335518085468,0.1408035809356479,Sí,Directa y Sintética (Fay-Herriot)
127,7302,Maule,Hualañé,10228,1511.855405247185,0.1478153505325757,0.1074842637598526,0.1881464373052988,Sí,Directa y Sintética (Fay-Herriot)
128,7303,Maule,Licantén,6982,919.0085174151732,0.1316253963642471,0.09184524046663436,0.1714055522618598,Sí,Directa y Sintética (Fay-Herriot)
129,7304,Maule,Molina,52306,6296.573970341758,0.1203795734780285,0.08860580480944917,0.1521533421466078,Sí,Directa y Sintética (Fay-Herriot)
130,7305,Maule,Rauco,11811,1395.153480027091,0.1181232308887555,0.08257918162230045,0.1536672801552105,Sí,Directa y Sintética (Fay-Herriot)
131,7306,Maule,Romeral,17008,1485.877384530252,0.08736343982421518,0.05255505446121325,0.1221718251872171,Sí,Directa y Sintética (Fay-Herriot)
132,7307,Maule,Sagrada Familia,19779,2503.460773844678,0.126571655485347,0.08661312310102129,0.1665301878696726,Sí,Directa y Sintética (Fay-Herriot)
133,7308,Maule,Teno,31984,4806.434109568893,0.1502762040260409,0.1102522008396082,0.1903002072124737,Sí,Directa y Sintética (Fay-Herriot)
134,7309,Maule,Vichuquén,4301,1054.300940938951,0.2451292585303304,0.1835540944322414,0.3067044226284193,Sí,Sintética
135,7401,Maule,Linares,104212,12476.93313659881,0.1197264531589338,0.08739751409530526,0.1520553922225624,Sí,Directa y Sintética (Fay-Herriot)
136,7402,Maule,Colbún,23560,3718.609179034105,0.1578357036941471,0.1111157669594419,0.2045556404288522,Sí,Directa y Sintética (Fay-Herriot)
137,7403,Maule,Longaví,33731,5428.123326001991,0.1609238779165157,0.1171617800927364,0.204685975740295,Sí,Directa y Sintética (Fay-Herriot)
138,7404,Maule,Parral,45668,6179.985228487536,0.1353241926181908,0.09587350466198497,0.1747748805743966,Sí,Directa y Sintética (Fay-Herriot)
139,7405,Maule,Retiro,21522,3981.267900385718,0.1849859632183681,0.1423071032049971,0.2276648232317391,Sí,Directa y Sintética (Fay-Herriot)
140,7406,Maule,San Javier,51669,7559.093281908184,0.1462984242371283,0.1113260996311548,0.1812707488431019,Sí,Directa y Sintética (Fay-Herriot)
141,7407,Maule,Villa Alegre,18084,2426.760718597742,0.1341938021785966,0.09344712714490419,0.1749404772122891,Sí,Directa y Sintética (Fay-Herriot)
142,7408,Maule,Yerbas Buenas,19856,3550.212571594057,0.1787979739924485,0.1348166774471586,0.2227792705377383,Sí,Directa y Sintética (Fay-Herriot)
143,8101,Biobío,Concepción,239746,21649.67986302868,0.09030256964883118,0.07215179384061113,0.1084533454570512,Sí,Directa y Sintética (Fay-Herriot)
144,8102,Biobío,Coronel,129209,23861.27504045138,0.184671927191228,0.1532148482831447,0.2161290060993112,Sí,Directa y Sintética (Fay-Herriot)
145,8103,Biobío,Chiguayante,92011,8098.448073814467,0.08801608583554647,0.06377653372110717,0.1122556379499858,Sí,Directa y Sintética (Fay-Herriot)
146,8104,Biobío,Florida,11876,3125.038405528638,0.2631389698154798,0.210817182856778,0.3154607567741816,Sí,Directa y Sintética (Fay-Herriot)
147,8105,Biobío,Hualqui,26783,5060.734531716794,0.1889532364453868,0.1461109339890605,0.231795538901713,Sí,Directa y Sintética (Fay-Herriot)
148,8106,Biobío,Lota,45369,8541.373595310315,0.1882645329478347,0.1432448606463926,0.2332842052492768,Sí,Directa y Sintética (Fay-Herriot)
149,8107,Biobío,Penco,50214,8488.600211782557,0.1690484767551391,0.1327285701682877,0.2053683833419906,Sí,Directa y Sintética (Fay-Herriot)
150,8108,Biobío,San Pedro De La Paz,154158,20131.30215563998,0.1305887605939359,0.1069526316744283,0.1542248895134435,Sí,Directa y Sintética (Fay-Herriot)
151,8109,Biobío,Santa Juana,14898,3365.913758043889,0.2259305784698543,0.1755650042909597,0.2762961526487488,Sí,Directa y Sintética (Fay-Herriot)
152,8110,Biobío,Talcahuano,158065,21423.32061024311,0.13553487875395,0.1077593423309302,0.1633104151769698,Sí,Directa y Sintética (Fay-Herriot)
153,8111,Biobío,Tomé,59176,9547.443299663355,0.1613397880840772,0.1236550069082203,0.1990245692599342,Sí,Directa y Sintética (Fay-Herriot)
154,8112,Biobío,Hualpén,98086,12747.96439916278,0.1299672165157391,0.101519386877885,0.1584150461535931,Sí,Directa y Sintética (Fay-Herriot)
155,8201,Biobío,Lebu,27147,6308.714139452843,0.2323908402200185,0.1867913391890835,0.2779903412509535,Sí,Directa y Sintética (Fay-Herriot)
156,8202,Biobío,Arauco,38962,8414.659222035287,0.215970926082729,0.1715041010359576,0.2604377511295004,Sí,Directa y Sintética (Fay-Herriot)
157,8203,Biobío,Cañete,37471,10082.98718665829,0.2690877528397504,0.2192752479380039,0.3189002577414969,Sí,Directa y Sintética (Fay-Herriot)
158,8204,Biobío,Contulmo,6358,1637.642953436699,0.257572027907628,0.2088240726174759,0.3063199831977801,Sí,Directa y Sintética (Fay-Herriot)
159,8205,Biobío,Curanilahue,33949,5311.514552586171,0.1564556998022378,0.1200732042633048,0.1928381953411708,Sí,Directa y Sintética (Fay-Herriot)
160,8206,Biobío,Los Álamos,22992,4120.822356265071,0.1792285297610069,0.1371340955627988,0.221322963959215,Sí,Directa y Sintética (Fay-Herriot)
161,8207,Biobío,Tirúa,11116,3922.761795669741,0.3528932885633088,0.2854627341494919,0.4203238429771258,Sí,Sintética
162,8301,Biobío,Los Ángeles,224170,34403.74870176719,0.1534716897968827,0.127592541416372,0.1793508381773933,Sí,Directa y Sintética (Fay-Herriot)
163,8302,Biobío,Antuco,4330,868.1168410648503,0.2004888778440763,0.1566113206126612,0.2443664350754914,Sí,Directa y Sintética (Fay-Herriot)
164,8303,Biobío,Cabrero,31129,6462.509384762549,0.2076041435562514,0.1619691701713576,0.2532391169411451,Sí,Directa y Sintética (Fay-Herriot)
165,8304,Biobío,Laja,23924,3629.814933356799,0.1517227442466477,0.110555926925226,0.1928895615680694,Sí,Directa y Sintética (Fay-Herriot)
166,8305,Biobío,Mulchén,31115,6523.268331440683,0.2096502757975473,0.16390954144971,0.2553910101453846,Sí,Directa y Sintética (Fay-Herriot)
167,8306,Biobío,Nacimiento,28030,6221.694250665483,0.2219655458674807,0.1758973308324823,0.268033760902479,Sí,Directa y Sintética (Fay-Herriot)
168,8307,Biobío,Negrete,10594,1935.232433294319,0.182672497007204,0.137948511269084,0.227396482745324,Sí,Directa y Sintética (Fay-Herriot)
169,8308,Biobío,Quilaco,4180,914.3306950068395,0.2187394007193396,0.1640944806939172,0.273384320744762,Sí,Sintética
170,8309,Biobío,Quilleco,9987,2075.640727915084,0.2078342573260323,0.1632740932992891,0.2523944213527753,Sí,Directa y Sintética (Fay-Herriot)
171,8310,Biobío,San Rosendo,3548,735.9104114650651,0.2074155612922957,0.1604021220269473,0.2544290005576441,Sí,Directa y Sintética (Fay-Herriot)
172,8311,Biobío,Santa Bárbara,14685,2731.994065924066,0.1860397729604403,0.1426717605915637,0.2294077853293169,Sí,Directa y Sintética (Fay-Herriot)
173,8312,Biobío,Tucapel,15449,2619.267384943013,0.1695428432224101,0.129480497914261,0.2096051885305592,Sí,Directa y Sintética (Fay-Herriot)
174,8313,Biobío,Yumbel,22223,4359.932764547275,0.1961901077508561,0.1514826912876043,0.2408975242141079,Sí,Directa y Sintética (Fay-Herriot)
175,8314,Biobío,Alto Biobío,6798,2412.299776897496,0.3548543361131946,0.2897000979499441,0.4200085742764451,Sí,Directa y Sintética (Fay-Herriot)
176,9101,La Araucanía,Temuco,310144,40358.7106308538,0.1301289421393088,0.1072020719439707,0.1530558123346469,Sí,Directa y Sintética (Fay-Herriot)
177,9102,La Araucanía,Carahue,25512,6085.744737295949,0.2385444001762288,0.1851321871895268,0.2919566131629307,Sí,Directa y Sintética (Fay-Herriot)
178,9103,La Araucanía,Cunco,18073,3197.234591269626,0.1769066890538165,0.1357842702776677,0.2180291078299653,Sí,Directa y Sintética (Fay-Herriot)
179,9104,La Araucanía,Curarrehue,7882,1633.866463623312,0.2072908479603288,0.1549359515211442,0.2596457443995134,Sí,Directa y Sintética (Fay-Herriot)
180,9105,La Araucanía,Freire,25477,4832.207145847502,0.1896693938001924,0.145691336154706,0.2336474514456788,Sí,Directa y Sintética (Fay-Herriot)
181,9106,La Araucanía,Galvarino,12555,3074.737602754342,0.2449014418760926,0.1938150662810883,0.2959878174710968,Sí,Directa y Sintética (Fay-Herriot)
182,9107,La Araucanía,Gorbea,15060,2478.364915504824,0.1645660634465355,0.1204869209636164,0.2086452059294545,Sí,Directa y Sintética (Fay-Herriot)
183,9108,La Araucanía,Lautaro,41973,6664.577246713589,0.158782485090739,0.1185171376815755,0.1990478324999025,Sí,Directa y Sintética (Fay-Herriot)
184,9109,La Araucanía,Loncoche,24773,3823.107798801759,0.1543255882937778,0.112632382991216,0.1960187935963397,Sí,Directa y Sintética (Fay-Herriot)
185,9110,La Araucanía,Melipeuco,6326,1063.904244938777,0.1681796150709417,0.1167922376200481,0.2195669925218353,Sí,Sintética
186,9111,La Araucanía,Nueva Imperial,34173,7148.070597225544,0.2091730488170644,0.1625857214785056,0.2557603761556232,Sí,Directa y Sintética (Fay-Herriot)
187,9112,La Araucanía,Padre Las Casas,85670,20380.01723250483,0.2378897774308956,0.1937701874035078,0.2820093674582835,Sí,Directa y Sintética (Fay-Herriot)
188,9113,La Araucanía,Perquenco,7272,1378.501639924621,0.1895629317828136,0.1402349080671876,0.2388909554984397,Sí,Directa y Sintética (Fay-Herriot)
189,9114,La Araucanía,Pitrufquén,26653,3661.013030018495,0.1373583847979025,0.100673672194862,0.174043097400943,Sí,Directa y Sintética (Fay-Herriot)
190,9115,La Araucanía,Pucón,30790,2588.815645645368,0.08407975464908633,0.04440241385931189,0.1237570954388608,Sí,Directa y Sintética (Fay-Herriot)
191,9116,La Araucanía,Saavedra,12646,3453.076551038685,0.2730568204205824,0.2174526099431686,0.3286610308979961,Sí,Directa y Sintética (Fay-Herriot)
192,9117,La Araucanía,Teodoro Schmidt,15742,3858.131501231869,0.2450852179667049,0.1882244520291529,0.301945983904257,Sí,Sintética
193,9118,La Araucanía,Toltén,9916,1991.056868967238,0.2007923425743483,0.1530178041606036,0.248566880988093,Sí,Directa y Sintética (Fay-Herriot)
194,9119,La Araucanía,Vilcún,32948,5580.267202685966,0.1693658857194964,0.1269657608680911,0.2117660105709016,Sí,Directa y Sintética (Fay-Herriot)
195,9120,La Araucanía,Villarrica,60815,7218.114396266748,0.1186897047811683,0.08757006010651887,0.1498093494558177,Sí,Directa y Sintética (Fay-Herriot)
196,9121,La Araucanía,Cholchol,12673,3141.416227603047,0.2478826029829596,0.1923173931367468,0.3034478128291723,Sí,Directa y Sintética (Fay-Herriot)
197,9201,La Araucanía,Angol,56845,5457.119549171259,0.09599999206915752,0.06032803981685775,0.1316719443214573,Sí,Directa y Sintética (Fay-Herriot)
198,9202,La Araucanía,Collipulli,26591,3745.561363878385,0.1408582363911995,0.09883513452465388,0.1828813382577451,Sí,Directa y Sintética (Fay-Herriot)
199,9203,La Araucanía,Curacautín,18205,2238.444117985073,0.122957655478444,0.08359244968923703,0.1623228612676509,Sí,Directa y Sintética (Fay-Herriot)
200,9204,La Araucanía,Ercilla,8386,2067.128169199221,0.246497516002769,0.1958659525805765,0.2971290794249615,Sí,Directa y Sintética (Fay-Herriot)
201,9205,La Araucanía,Lonquimay,11114,2578.545044184812,0.2320087317063894,0.1817383766040499,0.282279086808729,Sí,Directa y Sintética (Fay-Herriot)
202,9206,La Araucanía,Los Sauces,7470,1259.756743453774,0.1686421343311611,0.11634468448413,0.2209395841781923,Sí,Sintética
203,9207,La Araucanía,Lumaco,9898,2545.13769395379,0.2571365623311568,0.2034239073417576,0.310849217320556,Sí,Directa y Sintética (Fay-Herriot)
204,9208,La Araucanía,Purén,12096,2072.610053960078,0.1713467306514615,0.1265664018422179,0.2161270594607052,Sí,Directa y Sintética (Fay-Herriot)
205,9209,La Araucanía,Renaico,11015,1338.090355598756,0.1214789247025652,0.0778868631774611,0.1650709862276694,Sí,Directa y Sintética (Fay-Herriot)
206,9210,La Araucanía,Traiguén,19237,2614.696601736544,0.1359201851503116,0.09584746408122387,0.1759929062193993,Sí,Directa y Sintética (Fay-Herriot)
207,9211,La Araucanía,Victoria,35545,5211.608440444452,0.146620015204514,0.1041547345316516,0.1890852958773765,Sí,Directa y Sintética (Fay-Herriot)
208,10101,Los Lagos,Puerto Montt,281914,45526.35124603959,0.1614902106530346,0.1333079267514507,0.1896724945546185,Sí,Directa y Sintética (Fay-Herriot)
209,10102,Los Lagos,Calbuco,37686,8570.977422119908,0.2274313384843153,0.1777671161060027,0.277095560862628,Sí,Directa y Sintética (Fay-Herriot)
210,10103,Los Lagos,Cochamó,3932,624.1285123151875,0.1587305473843305,0.08477687840321582,0.2326842163654452,No,Sintética
211,10104,Los Lagos,Fresia,12555,2583.859303153643,0.2058032101277295,0.1496563896645933,0.2619500305908656,Sí,Sintética
212,10105,Los Lagos,Frutillar,20866,2479.078351158313,0.1188094676103859,0.08090504768646556,0.1567138875343063,Sí,Directa y Sintética (Fay-Herriot)
213,10106,Los Lagos,Los Muermos,17833,4352.494088703637,0.2440696511357392,0.1961289060664958,0.2920103962049826,Sí,Directa y Sintética (Fay-Herriot)
214,10107,Los Lagos,Llanquihue,18880,3106.027017331148,0.1645141428671159,0.1194643623620659,0.2095639233721658,Sí,Directa y Sintética (Fay-Herriot)
215,10108,Los Lagos,Maullín,14724,3990.934598645507,0.2710496195765761,0.2172332975102459,0.3248659416429064,Sí,Directa y Sintética (Fay-Herriot)
216,10109,Los Lagos,Puerto Varas,51566,4612.44696927637,0.08944744539573303,0.05918116181606883,0.1197137289753972,Sí,Directa y Sintética (Fay-Herriot)
217,10201,Los Lagos,Castro,48818,5549.305232434513,0.1136733424645523,0.07590422858184925,0.1514424563472553,Sí,Directa y Sintética (Fay-Herriot)
218,10202,Los Lagos,Ancud,42510,6261.344519302692,0.14729109666673,0.108810863756986,0.185771329576474,Sí,Directa y Sintética (Fay-Herriot)
219,10203,Los Lagos,Chonchi,16291,2481.928464912251,0.1523496694440029,0.107583508584814,0.1971158303031917,Sí,Directa y Sintética (Fay-Herriot)
220,10204,Los Lagos,Curaco De Vélez,4139,663.6653405814643,0.1603443683453647,0.1132237127734152,0.2074650239173141,Sí,Sintética
221,10205,Los Lagos,Dalcahue,15489,2848.73038285361,0.1839195805315779,0.1375893567503542,0.2302498043128016,Sí,Directa y Sintética (Fay-Herriot)
222,10206,Los Lagos,Puqueldón,4182,840.7820162825772,0.2010478279011423,0.1530998848559958,0.2489957709462888,Sí,Directa y Sintética (Fay-Herriot)
223,10207,Los Lagos,Queilén,5542,1127.608610517816,0.2034660069501652,0.1554092777258125,0.2515227361745179,Sí,Directa y Sintética (Fay-Herriot)
224,10208,Los Lagos,Quellón,30188,5535.996378608971,0.1833840061815613,0.1336365815138714,0.2331314308492511,Sí,Directa y Sintética (Fay-Herriot)
225,10209,Los Lagos,Quemchi,8754,2031.796628405125,0.2320992264570625,0.1828544030922318,0.2813440498218933,Sí,Directa y Sintética (Fay-Herriot)
226,10210,Los Lagos,Quinchao,8169,1546.442852175341,0.1893062617426051,0.1413211545880816,0.2372913688971287,Sí,Directa y Sintética (Fay-Herriot)
227,10301,Los Lagos,Osorno,176533,27539.85729772292,0.1560040179327543,0.125665464089453,0.1863425717760556,Sí,Directa y Sintética (Fay-Herriot)
228,10302,Los Lagos,Puerto Octay,9046,1874.39235520674,0.2072067604694606,0.154844264102385,0.2595692568365362,Sí,Directa y Sintética (Fay-Herriot)
229,10303,Los Lagos,Purranque,20953,3639.171962469086,0.1736826212222157,0.1243247210398322,0.2230405214045992,Sí,Directa y Sintética (Fay-Herriot)
230,10304,Los Lagos,Puyehue,11824,1967.895640961274,0.1664323106361023,0.1224291905726083,0.2104354306995964,Sí,Directa y Sintética (Fay-Herriot)
231,10305,Los Lagos,Río Negro,14067,2380.622357832963,0.1692345459467522,0.1180550000660269,0.2204140918274774,Sí,Directa y Sintética (Fay-Herriot)
232,10306,Los Lagos,San Juan De La Costa,7407,2346.826328058436,0.3168389804318126,0.2612195600218294,0.3724584008417958,Sí,Directa y Sintética (Fay-Herriot)
233,10307,Los Lagos,San Pablo,10537,1640.253771095268,0.1556661071552878,0.1129261100926321,0.1984061042179435,Sí,Directa y Sintética (Fay-Herriot)
234,10401,Los Lagos,Chaitén,5083,449.833785229249,0.08849769530380662,0.04320416189844155,0.1337912287091717,No,Sintética
235,10402,Los Lagos,Futaleufú,2927,173.8562235260082,0.05939741152238066,0.01721228410538396,0.1015825389393774,No,Sintética
236,10403,Los Lagos,Hualaihué,9590,1961.890011266281,0.2045766435105611,0.1450363275450097,0.2641169594761125,No,Sintética
237,10404,Los Lagos,Palena,1829,203.6728922721249,0.1113575135440814,0.06510727498887461,0.1576077520992882,No,Sintética
238,11101,Aysén,Coyhaique,62099,7222.219751134027,0.1163017077752303,0.1012189221276175,0.1313844934228431,Sí,Directa y Sintética (Fay-Herriot)
239,11102,Aysén,Lago Verde,909,142.8193393237171,0.1571169849545843,0.09013518898164999,0.2240987809275186,Sí,Sintética
240,11201,Aysén,Aysén,25173,3074.243138476099,0.1221246231468676,0.09774611686428612,0.1465031294294492,Sí,Directa y Sintética (Fay-Herriot)
241,11202,Aysén,Cisnes,5876,639.2101274621418,0.1087832075326994,0.0696416064269668,0.147924808638432,Sí,Directa y Sintética (Fay-Herriot)
242,11203,Aysén,Guaitecas,1612,328.935251134489,0.204054126013951,0.1362710214503936,0.2718372305775083,No,Sintética
243,11301,Aysén,Cochrane,3748,370.4607684699802,0.09884225412752941,0.05210722533418519,0.1455772829208736,Sí,Sintética
244,11302,Aysén,O’higgins,677,44.13803322497768,0.0651965040250778,1.693490939980169e-05,0.1303760731407558,No,Sintética
245,11303,Aysén,Tortel,582,135.576163386604,0.2329487343412439,0.1428363490979803,0.3230611195845076,Sí,Sintética
246,11401,Aysén,Chile Chico,5159,762.4472061728784,0.1477897278877454,0.09427365968481968,0.2013057960906711,Sí,Sintética
247,11402,Aysén,Río Ibáñez,2720,416.6603067049189,0.1531839362885731,0.09217302792846861,0.2141948446486776,Sí,Sintética
248,12101,Magallanes,Punta Arenas,145984,9186.926607601685,0.06293105140016499,0.05371127633921809,0.07215082646111187,Sí,Directa y Sintética (Fay-Herriot)
249,12102,Magallanes,Laguna Blanca,247,83.41519858874244,0.3377133546102933,0.161055132984602,0.5143715762359846,Sí,Sintética
250,12103,Magallanes,Río Verde,205,38.47621717140234,0.1876888642507431,0.02486349928794265,0.3505142292135436,Sí,Sintética
251,12104,Magallanes,San Gregorio,649,106.8937969537411,0.1647053882183992,0.06051084588786911,0.2688999305489293,Sí,Sintética
252,12201,Magallanes,Cabo De Hornos,1964,2.695168417094318,0.001372285344752708,0,0.01043132332630127,Sí,Sintética
253,12301,Magallanes,Porvenir,7660,759.1707406752333,0.09910845178527851,0.06019192392756047,0.1380249796429965,Sí,Directa y Sintética (Fay-Herriot)
254,12302,Magallanes,Primavera,672,73.23037505237681,0.1089737723993703,0.03413967222607044,0.1838078725726701,Sí,Sintética
255,12303,Magallanes,Timaukel,261,9.307213858638095,0.03565982321317278,0,0.1007411525028592,Sí,Sintética
256,12401,Magallanes,Natales,24709,922.9588240539338,0.03735314355311561,0.02145518583292681,0.05325110127330442,Sí,Directa y Sintética (Fay-Herriot)
257,12402,Magallanes,Torres Del Paine,1081,79.80837625385269,0.07382828515620045,0,0.3406478351279884,Sí,Sintética
258,13101,Metropolitana,Santiago,547366,97825.09850863011,0.1787197204587609,0.1377504046628654,0.2196890362546564,Sí,Directa y Sintética (Fay-Herriot)
259,13102,Metropolitana,Cerrillos,90197,19571.37857532582,0.2169848063164608,0.1675814804447403,0.2663881321881814,Sí,Directa y Sintética (Fay-Herriot)
260,13103,Metropolitana,Cerro Navia,139237,50000.9106529887,0.3591064921894949,0.3044235846726729,0.4137893997063168,Sí,Directa y Sintética (Fay-Herriot)
261,13104,Metropolitana,Conchalí,136237,32488.70378803583,0.2384719554015123,0.1901224594951219,0.2868214513079027,Sí,Directa y Sintética (Fay-Herriot)
262,13105,Metropolitana,El Bosque,169555,49182.56336708638,0.2900684932151006,0.2398599640748215,0.3402770223553797,Sí,Directa y Sintética (Fay-Herriot)
263,13106,Metropolitana,Estación Central,222640,51149.60667016528,0.2297413163410227,0.180384775313054,0.2790978573689913,Sí,Directa y Sintética (Fay-Herriot)
264,13107,Metropolitana,Huechuraba,118805,27229.79717972964,0.2291974006121766,0.1750848846140826,0.2833099166102706,Sí,Directa y Sintética (Fay-Herriot)
265,13108,Metropolitana,Independencia,154336,28891.49626058428,0.1871986850805015,0.1399950087326491,0.234402361428354,Sí,Directa y Sintética (Fay-Herriot)
266,13109,Metropolitana,La Cisterna,101377,14704.30079608952,0.145045728282446,0.1033744344394447,0.1867170221254472,Sí,Directa y Sintética (Fay-Herriot)
267,13110,Metropolitana,La Florida,407437,56533.78683209407,0.1387546708622292,0.1050443906095897,0.1724649511148687,Sí,Directa y Sintética (Fay-Herriot)
268,13111,Metropolitana,La Granja,118915,35450.27991595087,0.2981144507921698,0.2459105021989591,0.3503183993853805,Sí,Directa y Sintética (Fay-Herriot)
269,13112,Metropolitana,La Pintana,188869,69607.4345121964,0.368548753433313,0.3117901446763479,0.4253073621902781,Sí,Directa y Sintética (Fay-Herriot)
270,13113,Metropolitana,La Reina,99001,6252.671269938914,0.06315765769981024,0.03223396970946839,0.09408134569015209,Sí,Directa y Sintética (Fay-Herriot)
271,13114,Metropolitana,Las Condes,344516,16891.40336123111,0.04902937268873177,0.02152213314158849,0.07653661223587505,Sí,Directa y Sintética (Fay-Herriot)
272,13115,Metropolitana,Lo Barnechea,131555,15455.56199611491,0.1174836531953549,0.0741650364610907,0.160802269929619,Sí,Directa y Sintética (Fay-Herriot)
273,13116,Metropolitana,Lo Espejo,100311,34626.52286278133,0.3451916824952531,0.2878839997840862,0.40249936520642,Sí,Directa y Sintética (Fay-Herriot)
274,13117,Metropolitana,Lo Prado,101727,25642.17118321128,0.252068489026623,0.2009222968801569,0.3032146811730892,Sí,Directa y Sintética (Fay-Herriot)
275,13118,Metropolitana,Macul,138598,14737.22460991265,0.1063307162434714,0.07294874600859927,0.1397126864783436,Sí,Directa y Sintética (Fay-Herriot)
276,13119,Metropolitana,Maipú,586963,99659.80850532357,0.1697889108944236,0.1336881795729939,0.2058896422158533,Sí,Directa y Sintética (Fay-Herriot)
277,13120,Metropolitana,Ñuñoa,268328,11282.93060339473,0.04204902434108525,0.02019257088881329,0.06390547779335722,Sí,Directa y Sintética (Fay-Herriot)
278,13121,Metropolitana,Pedro Aguirre Cerda,104033,28143.123404815,0.2705211173840512,0.218548840114136,0.3224933946539664,Sí,Directa y Sintética (Fay-Herriot)
279,13122,Metropolitana,Peñalolén,273246,62627.13356148485,0.2291968905729081,0.1835343575093612,0.274859423636455,Sí,Directa y Sintética (Fay-Herriot)
280,13123,Metropolitana,Providencia,164397,2908.052989357324,0.01768920959237288,0,0.03752404084787671,Sí,Directa y Sintética (Fay-Herriot)
281,13124,Metropolitana,Pudahuel,262158,58837.80937782341,0.22443644434968,0.1778597010324832,0.2710131876668768,Sí,Directa y Sintética (Fay-Herriot)
282,13125,Metropolitana,Quilicura,277388,55083.06532706704,0.1985776793771434,0.1560967651250219,0.2410585936292648,Sí,Directa y Sintética (Fay-Herriot)
283,13126,Metropolitana,Quinta Normal,142124,27773.09267686835,0.1954145160343668,0.1502618653980882,0.2405671666706455,Sí,Directa y Sintética (Fay-Herriot)
284,13127,Metropolitana,Recoleta,197221,50926.93262812037,0.2582226670999557,0.2068881342080544,0.3095571999918571,Sí,Directa y Sintética (Fay-Herriot)
285,13128,Metropolitana,Renca,163158,45451.07959624722,0.2785709532860615,0.2300828684917793,0.3270590380803436,Sí,Directa y Sintética (Fay-Herriot)
286,13129,Metropolitana,San Joaquín,102988,21671.52847299652,0.2104277049073341,0.1617679424389981,0.25908746737567,Sí,Directa y Sintética (Fay-Herriot)
287,13130,Metropolitana,San Miguel,146622,14490.14418902104,0.09882653482438546,0.06532596251575012,0.1323271071330208,Sí,Directa y Sintética (Fay-Herriot)
288,13131,Metropolitana,San Ramón,83351,25326.83777986622,0.3038576355396603,0.2486888284266673,0.3590264426526532,Sí,Directa y Sintética (Fay-Herriot)
289,13132,Metropolitana,Vitacura,96890,2030.915928365982,0.02096104787249439,0,0.04322903429527879,Sí,Directa y Sintética (Fay-Herriot)
290,13201,Metropolitana,Puente Alto,669122,147937.6569646102,0.2210922028637681,0.1774712236027892,0.264713182124747,Sí,Directa y Sintética (Fay-Herriot)
291,13202,Metropolitana,Pirque,33270,5808.768251994125,0.1745947776373347,0.125626535652961,0.2235630196217083,Sí,Directa y Sintética (Fay-Herriot)
292,13203,Metropolitana,San José De Maipo,19586,2908.693887697323,0.1485088271059595,0.09804990079831412,0.1989677534136049,Sí,Directa y Sintética (Fay-Herriot)
293,13301,Metropolitana,Colina,198872,54743.95101899969,0.2752722908151962,0.2226004410227111,0.3279441406076812,Sí,Directa y Sintética (Fay-Herriot)
294,13302,Metropolitana,Lampa,144502,37177.32020581015,0.257278931819699,0.2046361868885451,0.3099216767508529,Sí,Directa y Sintética (Fay-Herriot)
295,13303,Metropolitana,Tiltil,22546,4793.739857062948,0.2126204141339017,0.1605414251857512,0.2646994030820522,Sí,Directa y Sintética (Fay-Herriot)
296,13401,Metropolitana,San Bernardo,349722,88718.3123664617,0.2536823887729731,0.2081019289016987,0.2992628486442475,Sí,Directa y Sintética (Fay-Herriot)
297,13402,Metropolitana,Buin,118737,21232.30500294721,0.178817933777569,0.135904803966248,0.22173106358889,Sí,Directa y Sintética (Fay-Herriot)
298,13403,Metropolitana,Calera De Tango,30445,5941.024808148471,0.1951395896911963,0.1425619045616115,0.2477172748207811,Sí,Directa y Sintética (Fay-Herriot)
299,13404,Metropolitana,Paine,88781,17894.49931653692,0.2015577580398612,0.1533601589564944,0.2497553571232279,Sí,Directa y Sintética (Fay-Herriot)
300,13501,Metropolitana,Melipilla,149501,36033.04523846045,0.2410221017816633,0.1912800190541637,0.290764184509163,Sí,Directa y Sintética (Fay-Herriot)
301,13502,Metropolitana,Alhué,7892,1597.507323562616,0.2024211002993685,0.149694678048385,0.2551475225503521,Sí,Directa y Sintética (Fay-Herriot)
302,13503,Metropolitana,Curacaví,38539,9175.596089263885,0.2380859931306958,0.1847194443167683,0.2914525419446233,Sí,Directa y Sintética (Fay-Herriot)
303,13504,Metropolitana,María Pinto,15730,3928.050467668398,0.2497171308117227,0.1976833212450758,0.3017509403783696,Sí,Directa y Sintética (Fay-Herriot)
304,13505,Metropolitana,San Pedro,12600,3755.427536162284,0.2980498044573242,0.2357685634918463,0.360331045422802,Sí,Directa y Sintética (Fay-Herriot)
305,13601,Metropolitana,Talagante,85851,17306.43320602756,0.2015868563677483,0.1560120287752369,0.2471616839602596,Sí,Directa y Sintética (Fay-Herriot)
306,13602,Metropolitana,El Monte,42437,9215.403895026571,0.2171549330778936,0.1672874834463854,0.2670223827094018,Sí,Directa y Sintética (Fay-Herriot)
307,13603,Metropolitana,Isla De Maipo,42589,9049.468402548468,0.2124837024242989,0.1635075302002594,0.2614598746483384,Sí,Directa y Sintética (Fay-Herriot)
308,13604,Metropolitana,Padre Hurtado,82494,14761.77874585163,0.1789436655496355,0.1337213079901652,0.2241660231091058,Sí,Directa y Sintética (Fay-Herriot)
309,13605,Metropolitana,Peñaflor,107380,18252.72828250774,0.1699825692168722,0.1273872614952111,0.2125778769385334,Sí,Directa y Sintética (Fay-Herriot)
310,14101,Los Ríos,Valdivia,182507,20975.74327348314,0.1149311712618318,0.09766534223594212,0.1321970002877215,Sí,Directa y Sintética (Fay-Herriot)
311,14102,Los Ríos,Corral,5417,908.9962938917092,0.1678043739877625,0.1200193626279189,0.215589385347606,Sí,Directa y Sintética (Fay-Herriot)
312,14103,Los Ríos,Lanco,18095,2676.355224046994,0.1479057874576952,0.1089278410487009,0.1868837338666895,Sí,Directa y Sintética (Fay-Herriot)
313,14104,Los Ríos,Los Lagos,20517,3929.226391372858,0.1915107662608012,0.1515756590897121,0.2314458734318902,Sí,Directa y Sintética (Fay-Herriot)
314,14105,Los Ríos,Máfil,7377,1217.682095254693,0.1650646733434584,0.123140369776566,0.2069889769103509,Sí,Directa y Sintética (Fay-Herriot)
315,14106,Los Ríos,Mariquina,24059,4553.865841191542,0.1892790989314411,0.1473058361288266,0.2312523617340556,Sí,Directa y Sintética (Fay-Herriot)
316,14107,Los Ríos,Paillaco,20955,3228.783621321113,0.1540817762501128,0.1145645168588255,0.1935990356414,Sí,Directa y Sintética (Fay-Herriot)
317,14108,Los Ríos,Panguipulli,36239,6994.233912231833,0.1930029501981796,0.1528163409635537,0.2331895594328056,Sí,Directa y Sintética (Fay-Herriot)
318,14201,Los Ríos,La Unión,39711,5321.215694376367,0.1339985317513124,0.1053888162976521,0.1626082472049727,Sí,Directa y Sintética (Fay-Herriot)
319,14202,Los Ríos,Futrono,15180,2775.688167752551,0.1828516579547135,0.1450783005001119,0.2206250154093151,Sí,Directa y Sintética (Fay-Herriot)
320,14203,Los Ríos,Lago Ranco,10271,2033.161223469709,0.1979516330902258,0.1489417585806642,0.2469615075997874,Sí,Directa y Sintética (Fay-Herriot)
321,14204,Los Ríos,Río Bueno,32980,4822.587047325897,0.1462276242366858,0.1173097724113418,0.1751454760620298,Sí,Directa y Sintética (Fay-Herriot)
322,15101,Arica y Parinacota,Arica,257875,48207.23204372142,0.1869403084584447,0.16731256674689,0.2065680501699993,Sí,Directa y Sintética (Fay-Herriot)
323,15102,Arica y Parinacota,Camarones,1246,208.0174717883285,0.1669482117081288,0.07326958003607008,0.2606268433801875,Sí,Sintética
324,15201,Arica y Parinacota,Putre,2177,396.873023442825,0.1823027209199931,0.0905854858247556,0.2740199560152306,Sí,Sintética
325,15202,Arica y Parinacota,General Lagos,660,159.8043432412706,0.2421277927898039,0.1288823493108225,0.3553732362687853,Sí,Sintética
326,16101,Ñuble,Chillán,204572,28754.76417058246,0.1405606054131673,0.1194628887138969,0.1616583221124377,Sí,Directa y Sintética (Fay-Herriot)
327,16102,Ñuble,Bulnes,22755,3659.221284698711,0.1608095488771132,0.1175366606076213,0.2040824371466052,Sí,Directa y Sintética (Fay-Herriot)
328,16103,Ñuble,Chillán Viejo,35743,5102.214167709175,0.1427472279246055,0.1042088392139254,0.1812856166352856,Sí,Directa y Sintética (Fay-Herriot)
329,16104,Ñuble,El Carmen,12184,2572.063293698068,0.2111017148471822,0.1598825305888651,0.2623208991054992,Sí,Directa y Sintética (Fay-Herriot)
330,16105,Ñuble,Pemuco,8580,1814.882187465899,0.211524730473881,0.1643489134668252,0.2587005474809367,Sí,Directa y Sintética (Fay-Herriot)
331,16106,Ñuble,Pinto,12207,2549.815669111409,0.2088814343500786,0.1577933030656734,0.2599695656344838,Sí,Directa y Sintética (Fay-Herriot)
332,16107,Ñuble,Quillón,19358,4294.520455613037,0.2218473218107778,0.1744390655462978,0.2692555780752579,Sí,Directa y Sintética (Fay-Herriot)
333,16108,Ñuble,San Ignacio,16594,3704.788555751529,0.2232607301284518,0.176865669493516,0.2696557907633875,Sí,Directa y Sintética (Fay-Herriot)
334,16109,Ñuble,Yungay,18850,3518.55132461973,0.1866605477251846,0.1404124398032298,0.2329086556471394,Sí,Directa y Sintética (Fay-Herriot)
335,16201,Ñuble,Quirihue,12251,2121.293764450494,0.1731527029997954,0.1283780965019224,0.2179273094976684,Sí,Directa y Sintética (Fay-Herriot)
336,16202,Ñuble,Cobquecura,5225,1380.377137413418,0.2641870119451519,0.2063917871503258,0.3219822367399779,Sí,Directa y Sintética (Fay-Herriot)
337,16203,Ñuble,Coelemu,16909,2992.639817799377,0.1769850267786018,0.1324640719454524,0.2215059816117511,Sí,Directa y Sintética (Fay-Herriot)
338,16204,Ñuble,Ninhue,5352,1254.370759304901,0.2343742076429187,0.1875657348031658,0.2811826804826717,Sí,Directa y Sintética (Fay-Herriot)
339,16205,Ñuble,Portezuelo,4867,940.8195271654519,0.1933058407983258,0.1460147334318787,0.240596948164773,Sí,Directa y Sintética (Fay-Herriot)
340,16206,Ñuble,Ránquil,6292,1397.024081369639,0.2220317993276604,0.1741340638084562,0.2699295348468647,Sí,Directa y Sintética (Fay-Herriot)
341,16207,Ñuble,Treguaco,5776,1256.702056620204,0.2175730707444952,0.1603769881300667,0.2747691533589237,Sí,Sintética
342,16301,Ñuble,San Carlos,57133,9833.992146536644,0.1721245540499649,0.1372303539376101,0.2070187541623197,Sí,Directa y Sintética (Fay-Herriot)
343,16302,Ñuble,Coihueco,29122,6418.875170789748,0.2204132673164531,0.1754618690760614,0.2653646655568449,Sí,Directa y Sintética (Fay-Herriot)
344,16303,Ñuble,Ñiquén,11529,2690.6389380211,0.233380079627123,0.1750136403573854,0.2917465188968605,Sí,Sintética
345,16304,Ñuble,San Fabián,4800,839.7780153833656,0.1749537532048678,0.1268191256474304,0.2230883807623053,Sí,Directa y Sintética (Fay-Herriot)
346,16305,Ñuble,San Nicolás,12524,1855.03921165935,0.1481187489347932,0.1068325009534072,0.1894049969161792,Sí,Directa y Sintética (Fay-Herriot)
347,,,,,,,,,,
348,"La metodología de áreas pequeñas busca realizar estimaciones a nivel comunal, ya que Casen no está diseñada para obtener estimaciones de calidad adecuada a ese nivel de desagregación. Para estimaciones a nivel regional y nacional, se deben utilizar las estadísticas oficiales publicadas a partir de Casen (https://observatorio.ministeriodesarrollosocial.gob.cl/encuesta-casen-2024). De todas formas se recomienda tomar en consideración los intervalos de confianza elaborados, ya que la metodología SAE entrega estimaciones de pobreza multidimensional comunal que están sujetas a errores de estimación.",,,,,,,,,
349,"Las estimaciones presentadas se basan en la nueva metodología de medición de la pobreza multidimensional actualizada en 2024, a partir de las recomendaciones de la última Comisión Asesora Presidencial y la Mesa Técnica. Más detalles metodológicos en: https://bidat.gob.cl/details/ficha/dato/metodologia-2024-de-medicion-de-pobreza-multidimensional",,,,,,,,,
350,(*) Proyecciones de población comunal en viviendas particulares al 30 de noviembre de 2024 según el Censo de Población y Vivienda 2017.,,,,,,,,,
351,(**) Este número se obtiene de multiplicar las proyecciones de población de cada comuna por su respectiva estimación puntual de pobreza comunal según la metodología de áreas pequeñas. Notar que la estimación putual tiene un intervalo de confianza.									,,,,,,,,,
352,"(***) Las estimaciones para área pequeña asignan una estimación de pobreza para todas las comunas del país. En el caso de comunas sin presencia en Casen o con presencia en Casen pero que no cumplen los criterios de inclusión, se asigna como tasa de pobreza SAE la estimación sintética. El resto de las comunas tiene una tasa de pobreza SAE que pondera las estimación directa de Casen y sintética, conocidas como estimaciones Fay-Herriot.",,,,,,,,,
