,Código comuna,Región,Nombre comuna,Número de personas en situación de pobreza por ingresos,Porcentaje de personas en situación de pobreza por ingresos 2015,Límite inferior,Límite superior,Metodología de Estimación
2,1101,I de Tarapacá ,Iquique,9491,0.05329417809844017,0.03460518643260002,0.08122717589139938,Estimación Directa
3,1107,I de Tarapacá ,Alto Hospicio,9768,0.08507228642702103,0.0641370639204979,0.11202307045459747,Estimación Directa
4,1401,I de Tarapacá ,Pozo Almonte,1515,0.1032649427652359,0.07276186347007751,0.14456182718276978,Estimación Directa
5,1402,I de Tarapacá ,Camiña,300.2006,0.3486649990081787,0.2764061689376831,0.4537043273448944,SAE
6,1403,I de Tarapacá ,Colchane,328.2058,0.23956629633903503,,,IMC
7,1404,I de Tarapacá ,Huara,716.4396,0.220307394862175,0.1585572212934494,0.2822335362434387,SAE
8,1405,I de Tarapacá ,Pica,1753.502,0.12739771604537964,0.07932793349027634,0.16913920640945435,SAE
9,2101,II de Antofagasta ,Antofagasta,19284,0.05123572424054146,0.03294146806001663,0.0788613110780716,Estimación Directa
10,2102,II de Antofagasta ,Mejillones,722.1885,0.06241365894675255,0.029664916917681694,0.11104565113782883,SAE
11,2103,II de Antofagasta ,Sierra Gorda,166.9298,0.08309098333120346,0.04033568501472473,0.17358249425888062,SAE
12,2104,II de Antofagasta ,Taltal,371.9288,0.04262794554233551,0.016437044367194176,0.07490961253643036,SAE
13,2201,II de Antofagasta ,Calama,7218,0.049697395414114,0.022089868783950806,0.10799785703420639,Estimación Directa
14,2202,II de Antofagasta ,Ollagüe,34.0071,0.2237308919429779,,,IMC
15,2203,II de Antofagasta ,San Pedro De Atacama,393.4333,0.04452114552259445,0.004855552222579718,0.06778708845376968,SAE
16,2301,II de Antofagasta ,Tocopilla,2107,0.11124604195356369,0.06549385190010071,0.18271052837371826,Estimación Directa
17,2302,II de Antofagasta ,María Elena,216.5157,0.08551173657178879,0.058016564697027206,0.16659702360630035,SAE
18,3101,III de Atacama ,Copiapó,7934,0.04624216631054878,0.03130846098065376,0.06780048459768295,Estimación Directa
19,3102,III de Atacama ,Caldera,793.892,0.05314936116337776,0.0255117267370224,0.07988381385803223,SAE
20,3103,III de Atacama ,Tierra Amarilla,1455.921,0.11983873695135117,0.07869860529899597,0.168986514210701,SAE
21,3201,III de Atacama ,Chañaral,673,0.05764453858137131,0.03455454483628273,0.09465105086565018,Estimación Directa
22,3202,III de Atacama ,Diego De Almagro,443.4497,0.049392927438020706,0.0277105662971735,0.07678479701280594,SAE
23,3301,III de Atacama ,Vallenar,4475,0.10194086283445358,0.07138000428676605,0.14356330037117004,Estimación Directa
24,3302,III de Atacama ,Alto Del Carmen,838.3133,0.18712350726127625,0.10917489975690842,0.2574715316295624,SAE
25,3303,III de Atacama ,Freirina,793.801,0.13781267404556274,0.09468799829483032,0.190415158867836,SAE
26,3304,III de Atacama ,Huasco,1042.098,0.13465538620948792,0.09501417726278305,0.1937558948993683,SAE
27,4101,IV de Coquimbo ,La Serena,20243,0.08761876076459885,0.06814602017402649,0.11198713630437851,Estimación Directa
28,4102,IV de Coquimbo ,Coquimbo,22658,0.0972229391336441,0.07575329393148422,0.12396129965782166,Estimación Directa
29,4103,IV de Coquimbo ,Andacollo,657.244,0.08537853509187698,0.04111727327108383,0.1127706915140152,SAE
30,4104,IV de Coquimbo ,La Higuera,830.5192,0.2221827656030655,0.16724994778633118,0.27275174856185913,SAE
31,4105,IV de Coquimbo ,Paiguano,469.3243,0.10348937660455704,0.04273929446935654,0.13536247611045837,SAE
32,4106,IV de Coquimbo ,Vicuña,3373,0.12818758189678192,0.09423110634088516,0.17205603420734406,Estimación Directa
33,4201,IV de Coquimbo ,Illapel,5474,0.18050517141819,0.14659130573272705,0.22024019062519073,Estimación Directa
34,4202,IV de Coquimbo ,Canela,2346.344,0.31255409121513367,0.24597828090190887,0.36994069814682007,SAE
35,4203,IV de Coquimbo ,Los Vilos,2957.282,0.16023418307304382,0.12013755738735199,0.19819772243499756,SAE
36,4204,IV de Coquimbo ,Salamanca,3512.996,0.15016654133796692,0.10228021442890167,0.190291166305542,SAE
37,4301,IV de Coquimbo ,Ovalle,24005,0.211643248796463,0.17733949422836304,0.25056153535842896,Estimación Directa
38,4302,IV de Coquimbo ,Combarbalá,2855.485,0.2501301169395447,0.19083130359649658,0.315739244222641,SAE
39,4303,IV de Coquimbo ,Monte Patria,9767.548,0.30554142594337463,0.26037684082984924,0.36658424139022827,SAE
40,4304,IV de Coquimbo ,Punitaqui,2871.596,0.27542644739151,0.22054071724414825,0.33897489309310913,SAE
41,4305,IV de Coquimbo ,Río Hurtado,1817.292,0.44893568754196167,0.41596314311027527,0.6020699143409729,SAE
42,5101,V de Valparaíso ,Valparaíso,39310,0.15417197346687317,0.12634789943695068,0.18681319057941437,Estimación Directa
43,5102,V de Valparaíso ,Casablanca,3307.29,0.10139463096857071,0.05547909066081047,0.14495496451854706,SAE
44,5103,V de Valparaíso ,Concon,3964,0.054038580507040024,0.027158943936228752,0.10465940833091736,Estimación Directa
45,5104,V de Valparaíso ,Juan Fernández,70.36058,0.07398588955402374,,,IMC
46,5105,V de Valparaíso ,Puchuncaví,2593.517,0.1499663144350052,0.1052103266119957,0.2264561504125595,SAE
47,5107,V de Valparaíso ,Quintero,4315.82,0.1583554744720459,0.11830776184797287,0.24324281513690948,SAE
48,5109,V de Valparaíso ,Viña Del Mar,27597,0.09810871630907059,0.07177527248859406,0.13272212445735931,Estimación Directa
49,5201,V de Valparaíso ,Isla De Pascua,428.2672,0.07966279238462448,,,IMC
50,5301,V de Valparaíso ,Los Andes,4042,0.05311920866370201,0.029737552627921104,0.09312067180871964,Estimación Directa
51,5302,V de Valparaíso ,Calle Larga,1692.182,0.15659649670124054,0.1048242598772049,0.23954100906848907,SAE
52,5303,V de Valparaíso ,Rinconada,1267.627,0.15092596411705017,0.08847130835056305,0.2124602347612381,SAE
53,5304,V de Valparaíso ,San Esteban,2677.234,0.14534388482570648,0.09237612038850784,0.22132307291030884,SAE
54,5401,V de Valparaíso ,La Ligua,6966,0.17672128975391388,0.1427726149559021,0.2167016863822937,Estimación Directa
55,5402,V de Valparaíso ,Cabildo,4587.846,0.21549300849437714,0.1683015078306198,0.3048124313354492,SAE
56,5403,V de Valparaíso ,Papudo,301.4731,0.05284365639090538,0.016169456765055656,0.10309910774230957,SAE
57,5404,V de Valparaíso ,Petorca,1953.794,0.2048216611146927,0.13693469762802124,0.2735899090766907,SAE
58,5405,V de Valparaíso ,Zapallar,1161.239,0.15175621211528778,0.09973442554473877,0.2261447310447693,SAE
59,5501,V de Valparaíso ,Quillota,9426,0.10549642145633698,0.0732889473438263,0.14957329630851746,Estimación Directa
60,5502,V de Valparaíso ,Calera,11083,0.19814424216747284,0.1461024284362793,0.2630136013031006,Estimación Directa
61,5503,V de Valparaíso ,Hijuelas,1756.88,0.08869102597236633,0.040515732020139694,0.12689225375652313,SAE
62,5504,V de Valparaíso ,La Cruz,1019.231,0.059870216995477676,0.0245982576161623,0.09506230801343918,SAE
63,5506,V de Valparaíso ,Nogales,4373.39,0.16093429923057556,0.11227727681398392,0.23518088459968567,SAE
64,5601,V de Valparaíso ,San Antonio,7771,0.07710472494363785,0.044739656150341034,0.12970396876335144,Estimación Directa
65,5602,V de Valparaíso ,Algarrobo,643.4481,0.043077461421489716,0.004962919279932976,0.0632503554224968,SAE
66,5603,V de Valparaíso ,Cartagena,3784.607,0.13257458806037903,0.0713001936674118,0.188251331448555,SAE
67,5604,V de Valparaíso ,El Quisco,1441,0.08188430219888687,0.04168497025966644,0.15459640324115753,Estimación Directa
68,5605,V de Valparaíso ,El Tabo,1809.964,0.13436998426914215,0.07886820286512375,0.21456179022789001,SAE
69,5606,V de Valparaíso ,Santo Domingo,515.4626,0.05412249267101288,0.017732152715325356,0.0802750512957573,SAE
70,5701,V de Valparaíso ,San Felipe,11491,0.14221887290477753,0.09594731032848358,0.20572733879089355,Estimación Directa
71,5702,V de Valparaíso ,Catemu,2742.312,0.2046196311712265,0.151522696018219,0.2961159646511078,SAE
72,5703,V de Valparaíso ,Llaillay,3958.01,0.16587086021900177,0.1187669038772583,0.2372172623872757,SAE
73,5704,V de Valparaíso ,Panquehue,1268.008,0.16363507509231567,0.10575791448354721,0.23179936408996582,SAE
74,5705,V de Valparaíso ,Putaendo,3171.664,0.18103104829788208,0.11291956901550293,0.2504563331604004,SAE
75,5706,V de Valparaíso ,Santa María,2773.729,0.18473052978515625,0.12488028407096863,0.2676626443862915,SAE
76,5801,V de Valparaíso ,Quilpué,13701,0.07972836494445801,0.06116751208901405,0.10330165177583694,Estimación Directa
77,5802,V de Valparaíso ,Limache,5073,0.10913197696208954,0.05894601345062256,0.19327041506767273,Estimación Directa
78,5803,V de Valparaíso ,Olmué,3143.712,0.18863026797771454,0.13594761490821838,0.2693306505680084,SAE
79,5804,V de Valparaíso ,Villa Alemana,15811,0.10823150724172592,0.06993339955806732,0.16380910575389862,Estimación Directa
80,6101,VI del Libertador General Bernardo O'Higgins ,Rancagua,33514,0.1316453069448471,0.08830039948225021,0.191791370511055,Estimación Directa
81,6102,VI del Libertador General Bernardo O'Higgins ,Codegua,1843,0.14151884615421295,0.073344886302948,0.25558286905288696,Estimación Directa
82,6103,VI del Libertador General Bernardo O'Higgins ,Coinco,1154.401,0.15593686699867249,0.09939892590045929,0.22919251024723053,SAE
83,6104,VI del Libertador General Bernardo O'Higgins ,Coltauco,2607,0.14807452261447906,0.11541922390460968,0.1880052536725998,Estimación Directa
84,6105,VI del Libertador General Bernardo O'Higgins ,Doñihue,2394.837,0.1125657707452774,0.06848442554473877,0.17185768485069275,SAE
85,6106,VI del Libertador General Bernardo O'Higgins ,Graneros,3720,0.11614836752414703,0.05603865161538124,0.2253427654504776,Estimación Directa
86,6107,VI del Libertador General Bernardo O'Higgins ,Las Cabras,2846.919,0.11582256853580475,0.07640502601861954,0.16702289879322052,SAE
87,6108,VI del Libertador General Bernardo O'Higgins ,Machali,2190,0.05810251459479332,0.042590171098709106,0.07879979908466339,Estimación Directa
88,6109,VI del Libertador General Bernardo O'Higgins ,Malloa,3037.122,0.21911278367042542,0.1625591367483139,0.3240763247013092,SAE
89,6110,VI del Libertador General Bernardo O'Higgins ,Mostazal,4184.521,0.15112031996250153,0.10327126085758209,0.21220313012599945,SAE
90,6111,VI del Libertador General Bernardo O'Higgins ,Olivar,2284,0.16016830503940582,0.12131570279598236,0.2085111439228058,Estimación Directa
91,6112,VI del Libertador General Bernardo O'Higgins ,Peumo,1834,0.11874393373727798,0.08333787322044373,0.16646064817905426,Estimación Directa
92,6113,VI del Libertador General Bernardo O'Higgins ,Pichidegua,2105,0.10773876309394836,0.0809292122721672,0.14205682277679443,Estimación Directa
93,6114,VI del Libertador General Bernardo O'Higgins ,Quinta De Tilcoco,1950.224,0.16138893365859985,0.0986270159482956,0.23324187099933624,SAE
94,6115,VI del Libertador General Bernardo O'Higgins ,Rengo,9988,0.156760573387146,0.09792806208133698,0.24147652089595795,Estimación Directa
95,6116,VI del Libertador General Bernardo O'Higgins ,Requinoa,2511,0.0934777781367302,0.0741184651851654,0.11725326627492905,Estimación Directa
96,6117,VI del Libertador General Bernardo O'Higgins ,San Vicente,7522,0.15396267175674438,0.10819951444864273,0.21442748606204987,Estimación Directa
97,6201,VI del Libertador General Bernardo O'Higgins ,Pichilemu,1598,0.1059822291135788,0.0841870829463005,0.13260290026664734,Estimación Directa
98,6202,VI del Libertador General Bernardo O'Higgins ,La Estrella,779.0811,0.17542921006679535,0.12979134917259216,0.2808419466018677,SAE
99,6203,VI del Libertador General Bernardo O'Higgins ,Litueche,806.905,0.14773069322109222,0.09022009372711182,0.23190318048000336,SAE
100,6204,VI del Libertador General Bernardo O'Higgins ,Marchihue,995.2583,0.12515823543071747,0.066890187561512,0.1910223513841629,SAE
101,6205,VI del Libertador General Bernardo O'Higgins ,Navidad,1115.841,0.20598866045475006,0.15236787497997284,0.3235844075679779,SAE
102,6206,VI del Libertador General Bernardo O'Higgins ,Paredones,1379.274,0.2061387449502945,0.11246561259031296,0.2643706798553467,SAE
103,6301,VI del Libertador General Bernardo O'Higgins ,San Fernando,7986,0.10679326206445694,0.07862916588783264,0.1434745192527771,Estimación Directa
104,6302,VI del Libertador General Bernardo O'Higgins ,Chepica,3625.16,0.2675197720527649,0.2070028930902481,0.37683412432670593,SAE
105,6303,VI del Libertador General Bernardo O'Higgins ,Chimbarongo,7449,0.21327950060367584,0.1396467238664627,0.31167250871658325,Estimación Directa
106,6304,VI del Libertador General Bernardo O'Higgins ,Lolol,1489.979,0.22412432730197906,0.14240610599517822,0.3056026101112366,SAE
107,6305,VI del Libertador General Bernardo O'Higgins ,Nancagua,2775.509,0.1585642397403717,0.09248307347297668,0.23141296207904816,SAE
108,6306,VI del Libertador General Bernardo O'Higgins ,Palmilla,1858.36,0.15882061421871185,0.09599999338388443,0.228838711977005,SAE
109,6307,VI del Libertador General Bernardo O'Higgins ,Peralillo,1413.079,0.13303323090076447,0.06954627484083176,0.1896955817937851,SAE
110,6308,VI del Libertador General Bernardo O'Higgins ,Placilla,1737.422,0.20342136919498444,0.13649559020996094,0.28696998953819275,SAE
111,6309,VI del Libertador General Bernardo O'Higgins ,Pumanque,283.0427,0.094253309071064,0.019646447151899338,0.12090978771448135,SAE
112,6310,VI del Libertador General Bernardo O'Higgins ,Santa Cruz,6002,0.16143956780433655,0.10544067621231079,0.23922577500343323,Estimación Directa
113,7101,VII del Maule ,Talca,36022,0.13989344239234924,0.11340964585542679,0.17136640846729279,Estimación Directa
114,7102,VII del Maule ,Constitución,13397,0.2386143058538437,0.15603555738925934,0.34693101048469543,Estimación Directa
115,7103,VII del Maule ,Curepto,1642.138,0.1890774369239807,0.1269688457250595,0.2499164342880249,SAE
116,7104,VII del Maule ,Empedrado,954.6979,0.2515673041343689,0.1803312450647354,0.3302016258239746,SAE
117,7105,VII del Maule ,Maule,4105.382,0.17621178925037384,0.12262088805437088,0.24422214925289154,SAE
118,7106,VII del Maule ,Pelarco,1052.518,0.155376136302948,0.09504109621047974,0.21161846816539764,SAE
119,7107,VII del Maule ,Pencahue,1869.307,0.209869384765625,0.15054310858249664,0.2786473035812378,SAE
120,7108,VII del Maule ,Río Claro,1439.271,0.1119619831442833,0.05035100504755974,0.14365072548389435,SAE
121,7109,VII del Maule ,San Clemente,9121,0.2327023148536682,0.16406242549419403,0.3190974295139313,Estimación Directa
122,7110,VII del Maule ,San Rafael,2080.268,0.24041001498699188,0.18371324241161346,0.32671380043029785,SAE
123,7201,VII del Maule ,Cauquenes,11934,0.2844815254211426,0.19782070815563202,0.3906199038028717,Estimación Directa
124,7202,VII del Maule ,Chanco,1980.637,0.21290306746959686,0.1524808257818222,0.2851569652557373,SAE
125,7203,VII del Maule ,Pelluhue,1250.795,0.15438099205493927,0.08992686867713928,0.22073212265968323,SAE
126,7301,VII del Maule ,Curicó,22607,0.1542392373085022,0.10140213370323181,0.22763359546661377,Estimación Directa
127,7302,VII del Maule ,Hualañe,1639.836,0.15790432691574097,0.08569171279668808,0.20828001201152802,SAE
128,7303,VII del Maule ,Licantén,1687.803,0.2257024645805359,0.17240528762340546,0.31939053535461426,SAE
129,7304,VII del Maule ,Molina,10267.44,0.24022455513477325,0.18990154564380646,0.3091074228286743,SAE
130,7305,VII del Maule ,Rauco,1817.716,0.18149937689304352,0.11051611602306366,0.23463299870491028,SAE
131,7306,VII del Maule ,Romeral,2425.943,0.16525498032569885,0.10511292517185211,0.21650074422359467,SAE
132,7307,VII del Maule ,Sagrada Familia,5529.761,0.29498350620269775,0.2408667653799057,0.3916613757610321,SAE
133,7308,VII del Maule ,Teno,4811,0.1721287965774536,0.10575713962316513,0.26768556237220764,Estimación Directa
134,7309,VII del Maule ,Vichuquén,1192.742,0.2532360851764679,0.198503315448761,0.35242313146591187,SAE
135,7401,VII del Maule ,Linares,13640,0.14933542907238007,0.0970437228679657,0.22285021841526031,Estimación Directa
136,7402,VII del Maule ,Colbún,3691,0.1987721472978592,0.13508979976177216,0.2826637923717499,Estimación Directa
137,7403,VII del Maule ,Longaví,6199.373,0.2168143391609192,0.17775914072990417,0.2589111328125,SAE
138,7404,VII del Maule ,Parral,8726,0.23624008893966675,0.17485088109970093,0.3110576868057251,Estimación Directa
139,7405,VII del Maule ,Retiro,3765.668,0.22805646061897278,0.1660420000553131,0.3005232810974121,SAE
140,7406,VII del Maule ,San Javier,10406,0.25325512886047363,0.17132145166397095,0.3574700653553009,Estimación Directa
141,7407,VII del Maule ,Villa Alegre,3392,0.2371530383825302,0.19091282784938812,0.2905707359313965,Estimación Directa
142,7408,VII del Maule ,Yerbas Buenas,2273,0.1327454298734665,0.05831727012991905,0.2744763493537903,Estimación Directa
143,8101,VIII del Biobío,Concepción,25793,0.11602006107568741,0.08300775289535522,0.15987244248390198,Estimación Directa
144,8102,VIII del Biobío,Coronel,16408,0.14535146951675415,0.12277195602655411,0.1712728887796402,Estimación Directa
145,8103,VIII del Biobío,Chiguayante,19800,0.13885188102722168,0.1026248037815094,0.1852276474237442,Estimación Directa
146,8104,VIII del Biobío,Florida,1735.374,0.1875268816947937,0.14764320850372314,0.2922641634941101,SAE
147,8105,VIII del Biobío,Hualqui,4106.707,0.1726958304643631,0.11431475728750229,0.22470444440841675,SAE
148,8106,VIII del Biobío,Lota,9254,0.20054611563682556,0.15744085609912872,0.2519243359565735,Estimación Directa
149,8107,VIII del Biobío,Penco,9580,0.1731429547071457,0.10867515951395035,0.26450517773628235,Estimación Directa
150,8108,VIII del Biobío,San Pedro De La Paz,15002,0.14536961913108826,0.09760162979364395,0.21104848384857178,Estimación Directa
151,8109,VIII del Biobío,Santa Juana,3234.105,0.2406149059534073,0.1742781698703766,0.31792572140693665,SAE
152,8110,VIII del Biobío,Talcahuano,21668,0.1290353387594223,0.07979524880647659,0.20199079811573029,Estimación Directa
153,8111,VIII del Biobío,Tomé,6727,0.1187194436788559,0.06894737482070923,0.19682563841342926,Estimación Directa
154,8112,VIII del Biobío,Hualpén,8400,0.1019442230463028,0.06467882543802261,0.1570747196674347,Estimación Directa
155,8201,VIII del Biobío,Lebu,6696,0.26859205961227417,0.1819596141576767,0.3774400055408478,Estimación Directa
156,8202,VIII del Biobío,Arauco,7286,0.1634511798620224,0.13119655847549438,0.20179378986358643,Estimación Directa
157,8203,VIII del Biobío,Cañete,13033,0.38147225975990295,0.33668872714042664,0.42836567759513855,Estimación Directa
158,8204,VIII del Biobío,Contulmo,1487.31,0.3283970057964325,0.2667250335216522,0.42378827929496765,SAE
159,8205,VIII del Biobío,Curanilahue,4322,0.14837446808815002,0.12613292038440704,0.1737581491470337,Estimación Directa
160,8206,VIII del Biobío,Los Alamos,5702.734,0.2657378613948822,0.2103879302740097,0.3469691574573517,SAE
161,8207,VIII del Biobío,Tirúa,3262.057,0.29625439643859863,0.22060373425483704,0.3682781457901001,SAE
162,8301,VIII del Biobío,Los Ángeles,41059,0.19578568637371063,0.15920300781726837,0.23839116096496582,Estimación Directa
163,8302,VIII del Biobío,Antuco,836.9624,0.2530116140842438,0.1944780945777893,0.3286453187465668,SAE
164,8303,VIII del Biobío,Cabrero,6130.995,0.1912529319524765,0.1394423544406891,0.24600079655647278,SAE
165,8304,VIII del Biobío,Laja,5290,0.2770213782787323,0.2187143713235855,0.3440278172492981,Estimación Directa
166,8305,VIII del Biobío,Mulchén,5318,0.1967589110136032,0.10283847898244858,0.34360384941101074,Estimación Directa
167,8306,VIII del Biobío,Nacimiento,4700,0.18499566614627838,0.1340842843055725,0.24966438114643097,Estimación Directa
168,8307,VIII del Biobío,Negrete,2489.269,0.28396859765052795,0.2123880833387375,0.35840940475463867,SAE
169,8308,VIII del Biobío,Quilaco,968.7823,0.28884387016296387,0.22297237813472748,0.38563138246536255,SAE
170,8309,VIII del Biobío,Quilleco,1781.417,0.17729073762893677,0.10813051462173462,0.22933396697044373,SAE
171,8310,VIII del Biobío,San Rosendo,750.4352,0.23111647367477417,0.17259585857391357,0.3098263740539551,SAE
172,8311,VIII del Biobío,Santa Bárbara,3266.837,0.24010267853736877,0.170680433511734,0.3042108416557312,SAE
173,8312,VIII del Biobío,Tucapel,3553.848,0.2612546980381012,0.20819348096847534,0.3518278896808624,SAE
174,8313,VIII del Biobío,Yumbel,4439.454,0.22186176478862762,0.14851315319538116,0.2926461696624756,SAE
175,8314,VIII del Biobío,Alto Biobío,6222.214,0.502358615398407,0.45753273367881775,0.6068543195724487,SAE
176,8401,VIII del Biobío,Chillan,28878,0.16256290674209595,0.1220594048500061,0.2132423222064972,Estimación Directa
177,8402,VIII del Biobío,Bulnes,4632.22,0.21679319441318512,0.15355388820171356,0.28777047991752625,SAE
178,8403,VIII del Biobío,Cobquecura,1452.372,0.32911211252212524,0.2653025984764099,0.43708279728889465,SAE
179,8404,VIII del Biobío,Coelemu,3974.665,0.2717162072658539,0.2190573662519455,0.35755470395088196,SAE
180,8405,VIII del Biobío,Coihueco,5586.81,0.22713378071784973,0.15784375369548798,0.28296759724617004,SAE
181,8406,VIII del Biobío,Chillan Viejo,3380,0.09915803372859955,0.06013879552483559,0.15920531749725342,Estimación Directa
182,8407,VIII del Biobío,El Carmen,4159.502,0.38729074597358704,0.3444346487522125,0.5036753416061401,SAE
183,8408,VIII del Biobío,Ninhue,1542.977,0.3317517638206482,0.24263150990009308,0.40042644739151,SAE
184,8409,VIII del Biobío,Ñiquén,2926.106,0.32176223397254944,0.2562868893146515,0.4043753743171692,SAE
185,8410,VIII del Biobío,Pemuco,1818.175,0.2010810524225235,0.12944471836090088,0.2553294003009796,SAE
186,8411,VIII del Biobío,Pinto,3293.05,0.295977920293808,0.21861450374126434,0.36965981125831604,SAE
187,8412,VIII del Biobío,Portezuelo,1625.287,0.37064698338508606,0.2976881265640259,0.4578818678855896,SAE
188,8413,VIII del Biobío,Quillón,2208.116,0.14386993646621704,0.0746508315205574,0.18107940256595612,SAE
189,8414,VIII del Biobío,Quirihue,3000.877,0.265376478433609,0.19497942924499512,0.3399302363395691,SAE
190,8415,VIII del Biobío,Ránquil,1247.407,0.28000158071517944,0.22194764018058777,0.3729163706302643,SAE
191,8416,VIII del Biobío,San Carlos,13786.26,0.2718433439731598,0.22529630362987518,0.3280903995037079,SAE
192,8417,VIII del Biobío,San Fabián,781.3438,0.23785199224948883,0.15526993572711945,0.28932222723960876,SAE
193,8418,VIII del Biobío,San Ignacio,4445.245,0.29452359676361084,0.22514086961746216,0.3771732449531555,SAE
194,8419,VIII del Biobío,San Nicolás,1937.206,0.1961926519870758,0.1141875833272934,0.23875321447849274,SAE
195,8420,VIII del Biobío,Treguaco,1266.566,0.27121323347091675,0.20226003229618073,0.3535080850124359,SAE
196,8421,VIII del Biobío,Yungay,2829.241,0.15331314504146576,0.09489414095878601,0.22231197357177734,SAE
197,9101,IX de la Araucanía ,Temuco,46859,0.14441348612308502,0.11886617541313171,0.17436501383781433,Estimación Directa
198,9102,IX de la Araucanía ,Carahue,8671,0.36253032088279724,0.2828093469142914,0.45060449838638306,Estimación Directa
199,9103,IX de la Araucanía ,Cunco,6063,0.33653420209884644,0.29274794459342957,0.38332003355026245,Estimación Directa
200,9104,IX de la Araucanía ,Curarrehue,2034.699,0.2632892429828644,0.17408515512943268,0.3168138861656189,SAE
201,9105,IX de la Araucanía ,Freire,5935,0.21502065658569336,0.13721847534179688,0.3205469250679016,Estimación Directa
202,9106,IX de la Araucanía ,Galvarino,3900.428,0.38246989250183105,0.2901451885700226,0.450147807598114,SAE
203,9107,IX de la Araucanía ,Gorbea,2421.924,0.16119292378425598,0.0873652920126915,0.20311929285526276,SAE
204,9108,IX de la Araucanía ,Lautaro,10932,0.3022143542766571,0.22970320284366608,0.386140912771225,Estimación Directa
205,9109,IX de la Araucanía ,Loncoche,4049.339,0.19633159041404724,0.13372768461704254,0.24379773437976837,SAE
206,9110,IX de la Araucanía ,Melipeuco,1709.33,0.3277718722820282,0.24675674736499786,0.4188501238822937,SAE
207,9111,IX de la Araucanía ,Nueva Imperial,9782,0.31806209683418274,0.2738056480884552,0.36586794257164,Estimación Directa
208,9112,IX de la Araucanía ,Padre Las Casas,20077,0.2507994771003723,0.19806814193725586,0.3121056854724884,Estimación Directa
209,9113,IX de la Araucanía ,Perquenco,2535.385,0.36438411474227905,0.29281359910964966,0.46098142862319946,SAE
210,9114,IX de la Araucanía ,Pitrufquén,5236,0.21896955370903015,0.17139185965061188,0.2753655016422272,Estimación Directa
211,9115,IX de la Araucanía ,Pucón,5221,0.1458868831396103,0.07571979612112045,0.26260194182395935,Estimación Directa
212,9116,IX de la Araucanía ,Saavedra,5257.39,0.42896461486816406,0.33907169103622437,0.5204518437385559,SAE
213,9117,IX de la Araucanía ,Teodoro Schmidt,5995.436,0.39839428663253784,0.3358764350414276,0.4999846816062927,SAE
214,9118,IX de la Araucanía ,Toltén,2888.089,0.3290519118309021,0.2539195418357849,0.41924503445625305,SAE
215,9119,IX de la Araucanía ,Vilcún,8552.947,0.35792380571365356,0.3102472424507141,0.43273547291755676,SAE
216,9120,IX de la Araucanía ,Villarrica,10056,0.16375449299812317,0.13011534512043,0.2040504515171051,Estimación Directa
217,9121,IX de la Araucanía ,Cholchol,4776.897,0.4284597337245941,0.3490650951862335,0.5249873995780945,SAE
218,9201,IX de la Araucanía ,Angol,10994,0.22223569452762604,0.15435098111629486,0.3090648949146271,Estimación Directa
219,9202,IX de la Araucanía ,Collipulli,5997,0.3271328806877136,0.25633904337882996,0.40678346157073975,Estimación Directa
220,9203,IX de la Araucanía ,Curacautín,3608,0.2524489164352417,0.2007112354040146,0.3123120367527008,Estimación Directa
221,9204,IX de la Araucanía ,Ercilla,4462.686,0.5021588802337646,0.4335993528366089,0.6005738973617554,SAE
222,9205,IX de la Araucanía ,Lonquimay,4411.202,0.40791580080986023,0.3395192623138428,0.4944615066051483,SAE
223,9206,IX de la Araucanía ,Los Sauces,2026.544,0.3572891652584076,0.28649088740348816,0.43923255801200867,SAE
224,9207,IX de la Araucanía ,Lumaco,3724.651,0.4054703712463379,0.3357398808002472,0.5065032839775085,SAE
225,9208,IX de la Araucanía ,Purén,3816.045,0.35330483317375183,0.28548571467399597,0.4418507218360901,SAE
226,9209,IX de la Araucanía ,Renaico,2744.766,0.31567177176475525,0.2422088086605072,0.39844194054603577,SAE
227,9210,IX de la Araucanía ,Traiguén,4137,0.25199487805366516,0.16187329590320587,0.3701328933238983,Estimación Directa
228,9211,IX de la Araucanía ,Victoria,7923,0.25112518668174744,0.2024545669555664,0.3069925904273987,Estimación Directa
229,10101,X de los Lagos,Puerto Montt,31254,0.11984723061323166,0.08947478234767914,0.1587323248386383,Estimación Directa
230,10102,X de los Lagos,Calbuco,5304,0.1453668475151062,0.12961997091770172,0.16266919672489166,Estimación Directa
231,10103,X de los Lagos,Cochamó,861.3392,0.22678756713867188,,,IMC
232,10104,X de los Lagos,Fresia,3572.48,0.31575748324394226,0.26072433590888977,0.41760706901550293,SAE
233,10105,X de los Lagos,Frutillar,3611,0.1986357867717743,0.12658867239952087,0.29771101474761963,Estimación Directa
234,10106,X de los Lagos,Los Muermos,2346,0.15529224276542664,0.11643161624670029,0.20412668585777283,Estimación Directa
235,10107,X de los Lagos,Llanquihue,2441,0.12950289249420166,0.08808279037475586,0.18641874194145203,Estimación Directa
236,10108,X de los Lagos,Maullín,2601.882,0.212398499250412,0.14757052063941956,0.27220863103866577,SAE
237,10109,X de los Lagos,Puerto Varas,6012.417,0.1432175636291504,0.10383544862270355,0.20107299089431763,SAE
238,10201,X de los Lagos,Castro,7814,0.13915304839611053,0.10538435727357864,0.18154649436473846,Estimación Directa
239,10202,X de los Lagos,Ancud,6511,0.1582067757844925,0.1047651395201683,0.23184937238693237,Estimación Directa
240,10203,X de los Lagos,Chonchi,2916.541,0.19419005513191223,0.13622570037841797,0.2572169005870819,SAE
241,10204,X de los Lagos,Curaco De Vélez,771.5932,0.19004759192466736,0.1158108115196228,0.2689490020275116,SAE
242,10205,X de los Lagos,Dalcahue,4008.248,0.2347986400127411,0.17786018550395966,0.31450513005256653,SAE
243,10206,X de los Lagos,Puqueldón,696.6636,0.17808374762535095,0.09618419408798218,0.23575210571289062,SAE
244,10207,X de los Lagos,Queilén,1031.713,0.20221729576587677,0.13389436900615692,0.261773020029068,SAE
245,10208,X de los Lagos,Quellón,4502,0.1221245676279068,0.0938175842165947,0.15748807787895203,Estimación Directa
246,10209,X de los Lagos,Quemchi,1746.8,0.1944345235824585,0.1263357698917389,0.25813496112823486,SAE
247,10210,X de los Lagos,Quinchao,3362.706,0.4045604169368744,0.31778132915496826,0.48045167326927185,SAE
248,10301,X de los Lagos,Osorno,25974,0.15798404812812805,0.12080767005681992,0.20394696295261383,Estimación Directa
249,10302,X de los Lagos,Puerto Octay,2502.005,0.2965162992477417,0.24579645693302155,0.3975968658924103,SAE
250,10303,X de los Lagos,Purranque,4034.24,0.20103852450847626,0.14270243048667908,0.2581963539123535,SAE
251,10304,X de los Lagos,Puyehue,1875.039,0.18337787687778473,0.11564085632562637,0.23232227563858032,SAE
252,10305,X de los Lagos,Río Negro,2684,0.22379721701145172,0.16263417899608612,0.2997288703918457,Estimación Directa
253,10306,X de los Lagos,San Juan De La Costa,2166.241,0.3177238404750824,0.2251785695552826,0.384128212928772,SAE
254,10307,X de los Lagos,San Pablo,1863.775,0.2282639443874359,0.1547681987285614,0.28832724690437317,SAE
255,10401,X de los Lagos,Chaitén,1098.697,0.1807066947221756,,,IMC
256,10402,X de los Lagos,Futaleufú,367.08,0.21915222704410553,,,IMC
257,10403,X de los Lagos,Hualaihué,1787.54,0.22678756713867188,,,IMC
258,10404,X de los Lagos,Palena,237.4512,0.16164138913154602,,,IMC
259,11101,XI Aysén del General Carlos Ibáñez del Campo,Coyhaique,3806,0.06552917510271072,0.03709898144006729,0.11318539828062057,Estimación Directa
260,11102,XI Aysén del General Carlos Ibáñez del Campo,Lago Verde,125.9491,0.17112644016742706,,,IMC
261,11201,XI Aysén del General Carlos Ibáñez del Campo,Aysén,1498,0.0561048686504364,0.03483423590660095,0.08916397392749786,Estimación Directa
262,11202,XI Aysén del General Carlos Ibáñez del Campo,Cisnes,358.6859,0.06851688027381897,0.027562610805034637,0.12044551968574524,SAE
263,11203,XI Aysén del General Carlos Ibáñez del Campo,Guaitecas,387.5559,0.21772803366184235,,,IMC
264,11301,XI Aysén del General Carlos Ibáñez del Campo,Cochrane,222,0.08802537620067596,0.05680963024497032,0.13395746052265167,Estimación Directa
265,11302,XI Aysén del General Carlos Ibáñez del Campo,O'Higgins,117.3927,0.17112644016742706,,,IMC
266,11303,XI Aysén del General Carlos Ibáñez del Campo,Tortel,114.8124,0.22207418084144592,,,IMC
267,11401,XI Aysén del General Carlos Ibáñez del Campo,Chile Chico,384,0.07378939539194107,0.03973144292831421,0.13299845159053802,Estimación Directa
268,11402,XI Aysén del General Carlos Ibáñez del Campo,Río Ibáñez,121.7193,0.06687873601913452,0.018153918907046318,0.12837639451026917,SAE
269,12101,XII de Magallanes y Antártica Chilena,Punta Arenas,5373,0.04420803114771843,0.029826750978827477,0.06505841016769409,Estimación Directa
270,12102,XII de Magallanes y Antártica Chilena,Laguna Blanca,24.59919,0.08848629891872406,,,IMC
271,12103,XII de Magallanes y Antártica Chilena,Rio Verde,20.56347,0.09934040904045105,,,IMC
272,12104,XII de Magallanes y Antártica Chilena,San Gregorio,18.37623,0.06856803596019745,,,IMC
273,12201,XII de Magallanes y Antártica Chilena,Cabo De Hornos,174.5789,0.07856833934783936,,,IMC
274,12301,XII de Magallanes y Antártica Chilena,Porvenir,55,0.011487050913274288,0.0029056197963654995,0.04428710415959358,Estimación Directa
275,12302,XII de Magallanes y Antártica Chilena,Primavera,19.66472,0.06363987177610397,,,IMC
276,12303,XII de Magallanes y Antártica Chilena,Timaukel,50.88351,0.1098995953798294,,,IMC
277,12401,XII de Magallanes y Antártica Chilena,Natales,1015,0.05048997700214386,0.03417409583926201,0.07399878650903702,Estimación Directa
278,12402,XII de Magallanes y Antártica Chilena,Torres Del Paine,39.19512,0.06852293759584427,,,IMC
279,13101,XIII Metropolitana de Santiago,Santiago,7996,0.05930870771408081,0.026346100494265556,0.12808676064014435,Estimación Directa
280,13102,XIII Metropolitana de Santiago,Cerrillos,4975.916,0.08110040426254272,0.046773917973041534,0.13559368252754211,SAE
281,13103,XIII Metropolitana de Santiago,Cerro Navia,14977,0.12067034840583801,0.08418645709753036,0.17002978920936584,Estimación Directa
282,13104,XIII Metropolitana de Santiago,Conchalí,9620,0.10171820968389511,0.08091279864311218,0.12713338434696198,Estimación Directa
283,13105,XIII Metropolitana de Santiago,El Bosque,23024,0.14542238414287567,0.11778651922941208,0.17823240160942078,Estimación Directa
284,13106,XIII Metropolitana de Santiago,Estación Central,5959,0.06161593273282051,0.04004329815506935,0.09367634356021881,Estimación Directa
285,13107,XIII Metropolitana de Santiago,Huechuraba,5335.6,0.061146702617406845,0.030752908438444138,0.10713350772857666,SAE
286,13108,XIII Metropolitana de Santiago,Independencia,4295.407,0.09848915040493011,0.06483498215675354,0.16372999548912048,SAE
287,13109,XIII Metropolitana de Santiago,La Cisterna,2320.928,0.036306485533714294,0.011832954362034798,0.07008329033851624,SAE
288,13110,XIII Metropolitana de Santiago,La Florida,12178,0.031076712533831596,0.015016076155006886,0.0632127895951271,Estimación Directa
289,13111,XIII Metropolitana de Santiago,La Granja,8363,0.07222682982683182,0.038794346153736115,0.1305575966835022,Estimación Directa
290,13112,XIII Metropolitana de Santiago,La Pintana,27694,0.13857808709144592,0.09543584287166595,0.19697614014148712,Estimación Directa
291,13113,XIII Metropolitana de Santiago,La Reina,2132.145,0.023441243916749954,0.005454677157104015,0.05251847580075264,SAE
292,13114,XIII Metropolitana de Santiago,Las Condes,1599,0.0055775111541152,0.002191985258832574,0.014118004590272903,Estimación Directa
293,13115,XIII Metropolitana de Santiago,Lo Barnechea,3020.07,0.024585392326116562,0.006968565750867128,0.0532442070543766,SAE
294,13116,XIII Metropolitana de Santiago,Lo Espejo,8632.307,0.0949586033821106,0.05730588734149933,0.14867085218429565,SAE
295,13117,XIII Metropolitana de Santiago,Lo Prado,4767.488,0.05670585855841637,0.025569964200258255,0.09000413864850998,SAE
296,13118,XIII Metropolitana de Santiago,Macul,4698,0.053203776478767395,0.0295645110309124,0.09391536563634872,Estimación Directa
297,13119,XIII Metropolitana de Santiago,Maipú,54066,0.0523732453584671,0.017710307613015175,0.14487327635288239,Estimación Directa
298,13120,XIII Metropolitana de Santiago,Ñuñoa,3187,0.02414485439658165,0.0156428050249815,0.03709373250603676,Estimación Directa
299,13121,XIII Metropolitana de Santiago,Pedro Aguirre Cerda,9096,0.11019310355186462,0.06532907485961914,0.17993572354316711,Estimación Directa
300,13122,XIII Metropolitana de Santiago,Peñalolén,11980,0.047523465007543564,0.025450721383094788,0.08702979236841202,Estimación Directa
301,13123,XIII Metropolitana de Santiago,Providencia,882,0.007434317376464605,0.0029693811666220427,0.018488498404622078,Estimación Directa
302,13124,XIII Metropolitana de Santiago,Pudahuel,22747,0.07770402729511261,0.05099138990044594,0.11668983101844788,Estimación Directa
303,13125,XIII Metropolitana de Santiago,Quilicura,19703,0.07824798673391342,0.04440892115235329,0.1342495232820511,Estimación Directa
304,13126,XIII Metropolitana de Santiago,Quinta Normal,4632,0.0594455860555172,0.03647376224398613,0.09545218199491501,Estimación Directa
305,13127,XIII Metropolitana de Santiago,Recoleta,15357,0.13864362239837646,0.10755465179681778,0.1769373118877411,Estimación Directa
306,13128,XIII Metropolitana de Santiago,Renca,10671,0.08537346124649048,0.043797317892313004,0.1598205715417862,Estimación Directa
307,13129,XIII Metropolitana de Santiago,San Joaquín,4472.032,0.06601466983556747,0.03323473408818245,0.11034146696329117,SAE
308,13130,XIII Metropolitana de Santiago,San Miguel,2186,0.03464287519454956,0.017244447022676468,0.06837379932403564,Estimación Directa
309,13131,XIII Metropolitana de Santiago,San Ramón,7240.735,0.09412231296300888,0.055041808634996414,0.1461164802312851,SAE
310,13132,XIII Metropolitana de Santiago,Vitacura,24.95053,0.0003295061469543725,0,0.004692860413342714,SAE
311,13201,XIII Metropolitana de Santiago,Puente Alto,66322,0.08019889146089554,0.05893782153725624,0.10824741423130035,Estimación Directa
312,13202,XIII Metropolitana de Santiago,Pirque,945.0809,0.03630179539322853,0.006958289071917534,0.06992177665233612,SAE
313,13203,XIII Metropolitana de Santiago,San José De Maipo,770.2901,0.056831199675798416,0.02051745541393757,0.10327804088592529,SAE
314,13301,XIII Metropolitana de Santiago,Colina,14939,0.1256275475025177,0.09715418517589569,0.16095802187919617,Estimación Directa
315,13302,XIII Metropolitana de Santiago,Lampa,7312.403,0.09810302406549454,0.06275010854005814,0.1563829630613327,SAE
316,13303,XIII Metropolitana de Santiago,Tiltil,1277.944,0.07885623723268509,0.037851762026548386,0.1377718150615692,SAE
317,13401,XIII Metropolitana de Santiago,San Bernardo,29986,0.0918928012251854,0.045298438519239426,0.17750360071659088,Estimación Directa
318,13402,XIII Metropolitana de Santiago,Buin,7673.857,0.10269738733768463,0.058955371379852295,0.15953601896762848,SAE
319,13403,XIII Metropolitana de Santiago,Calera De Tango,833.1513,0.02761247754096985,0.0020986529998481274,0.05099022760987282,SAE
320,13404,XIII Metropolitana de Santiago,Paine,5607.607,0.08082455396652222,0.036343302577733994,0.12424401938915253,SAE
321,13501,XIII Metropolitana de Santiago,Melipilla,15089,0.14014117419719696,0.09395856410264969,0.20391467213630676,Estimación Directa
322,13502,XIII Metropolitana de Santiago,Alhué,467.1968,0.10465878993272781,0.056235168129205704,0.166567862033844,SAE
323,13503,XIII Metropolitana de Santiago,Curacaví,2140.784,0.06881116330623627,0.02648944966495037,0.1166246309876442,SAE
324,13504,XIII Metropolitana de Santiago,María Pinto,1267.523,0.10581211745738983,0.0521896630525589,0.16480106115341187,SAE
325,13505,XIII Metropolitana de Santiago,San Pedro,917.9288,0.11539017409086227,0.06292334944009781,0.20174023509025574,SAE
326,13601,XIII Metropolitana de Santiago,Talagante,9794,0.11950752139091492,0.05264737829566002,0.24896326661109924,Estimación Directa
327,13602,XIII Metropolitana de Santiago,El Monte,1959.451,0.060905490070581436,0.018528025597333908,0.10048491507768631,SAE
328,13603,XIII Metropolitana de Santiago,Isla De Maipo,3431.649,0.10317956656217575,0.05515500530600548,0.16114206612110138,SAE
329,13604,XIII Metropolitana de Santiago,Padre Hurtado,5375.643,0.10265521705150604,0.0659741684794426,0.1781976968050003,SAE
330,13605,XIII Metropolitana de Santiago,Peñaflor,7275.922,0.07920406013727188,0.0458848811686039,0.12460111826658249,SAE
331,14101,XIV de los Ríos,Valdivia,16122,0.09928623586893082,0.06332334131002426,0.15235133469104767,Estimación Directa
332,14102,XIV de los Ríos,Corral,1052.169,0.23783202469348907,0.1697700470685959,0.3260510265827179,SAE
333,14103,XIV de los Ríos,Lanco,3664.596,0.22945314645767212,0.17336183786392212,0.29218432307243347,SAE
334,14104,XIV de los Ríos,Los Lagos,4081,0.193632572889328,0.16418710350990295,0.2269250601530075,Estimación Directa
335,14105,XIV de los Ríos,Máfil,1590.046,0.25044041872024536,0.18381236493587494,0.3313523232936859,SAE
336,14106,XIV de los Ríos,Mariquina,3287.183,0.19108198583126068,0.1417948305606842,0.23550038039684296,SAE
337,14107,XIV de los Ríos,Paillaco,4632,0.23792891204357147,0.19607073068618774,0.2855491638183594,Estimación Directa
338,14108,XIV de los Ríos,Panguipulli,8869,0.26826170086860657,0.23527756333351135,0.30403152108192444,Estimación Directa
339,14201,XIV de los Ríos,La Unión,7678,0.21308836340904236,0.17066045105457306,0.26272284984588623,Estimación Directa
340,14202,XIV de los Ríos,Futrono,3973.839,0.263587087392807,0.20240336656570435,0.3404814898967743,SAE
341,14203,XIV de los Ríos,Lago Ranco,2160.71,0.2456469088792801,0.16803041100502014,0.3197399079799652,SAE
342,14204,XIV de los Ríos,Rio Bueno,5113,0.1712324172258377,0.10761674493551254,0.2614363431930542,Estimación Directa
343,15101,XV de Arica y Parinacota ,Arica,14573,0.08860905468463898,0.06815222650766373,0.11445211619138718,Estimación Directa
344,15102,XV de Arica y Parinacota ,Camarones,217.5172,0.1466737538576126,0.07264996320009232,0.24119895696640015,SAE
345,15201,XV de Arica y Parinacota ,Putre,240,0.31128403544425964,0.2192995399236679,0.4210430085659027,Estimación Directa
346,15202,XV de Arica y Parinacota ,General Lagos,267.9631,0.277394562959671,,,IMC
